Timestamp,When was your first Christmas Festival?,What choir / ensemble did you perform in?,What was your main voice part (if applicable)?,Love Divine p1 [Elgar- Variations on an Original Theme (Nimrod) (ORCH)],Love Divine p1 [In a Deep Unbounded Darkness- Aaspas],Love Divine p1 [ Carol of the Advent- JBobb],Love Divine p1 [God is Love (HYMN)],Love Divine p1 [Beethoven- Mount of Olives (Hallelujah)],Love Divine p1 [Rachmoninov- Vigil Op. 37 (OLE)],"Love Divine p1 [Lo, How a Rose E'er Blooming (VK)]",Love Divine part 2 [Llega la Navidad! (CAN)],Love Divine part 2 [Holy Child (MNT)],Love Divine part 2 [Silent Night (CHA)],Love Divine part 2 [God's Love Made Visible (HYMN)],Love Divine part 2 [Good Christian Friends Rejoice!],Love Divine part 2 [Christus Natus Est],"Love Divine part 2 [Go, Tell it On the Mountain (MNT)]",Love Divine part 3 [Love Came Down (CAN)],"Love Divine part 3 [God Rest Ye Merry, Gentlemen (VK)]",Love Divine part 3 [In Silent Night (OC)],Love Divine part 3 [Mary's Little Boy Chile (OC)],Love Divine part 3 [Gloria (CHA)],Love Divine part 3 [Past 3 o'Clock ],Love Divine part 3 [Angel's Dance (ORCH)],"Love Divine part 4
 [Carols for the Choirs (MED)]","Love Divine part 4
 [Angels we have Heard on High (HYMN)]","Love Divine part 4
 [Praise to the Lord]","Love Divine part 4
 [Light Dawns on a Weary World]","Love Divine part 4
 [Love Divine]","Love Divine part 4
 [Nunc Dimittis]","Love Divine part 4
 [Beautiful Saviour]",What choir / ensemble did you perform in?,What was your main voice part (if applicable)?,Promise of Peace Part 1 [Noel / Symphonic Sketches (ORCH)],Promise of Peace Part 1 [Holst- The Heart Worships],Promise of Peace Part 1 [Awake! Awake! and Greet the New Morn (HYMN)],Promise of Peace Part 1 [Awake the Harp!],Promise of Peace Part 1 [The Song of Peace (OC)],Promise of Peace Part 1 [Keep your Lamps (VK)],Promise of Peace Part 1 [I will Make a Way (CHA)],Promise of Peace Part 2 [O Day of Peace (vv. 1 and 2)],Promise of Peace Part 2 [Earth strike Up your Music! (CAN)],Promise of Peace Part 2 [Hodie Christus Natus Est  (MNT)],Promise of Peace Part 2 [This Little Light of Mine (OC)],Promise of Peace Part 2 [Carol of the Bells (OC)],Promise of Peace Part 2 [Sir Chistemas ],Promise of Peace Part 2 [Overture- Nutcracker (ORCH)],Promise of Peace Part 3 [Carol of the Stranger (MED)],Promise of Peace Part 3 [It Came Upon a Midnight Clear (HYMN)],Promise of Peace Part 3 [Psalm 50],Promise of Peace Part 3 [Dona Nobis Pacem],Promise of Peace Part 3 [Stay with Us],Promise of Peace Part 3 [Beautiful Saviour],What choir / ensemble did you perform in?,What was your main voice part (if applicable)?,"Love and Joy Come to You pt 1 
(tentative) [Glorification]","Love and Joy Come to You pt 1 
(tentative) [O Holy Night]","Love and Joy Come to You pt 1 
(tentative) [As the Dark Awaits the Dawn]","Love and Joy Come to You pt 1 
(tentative) [Jauchzet, Frohlocket]","Love and Joy Come to You pt 1 
(tentative) [In the Bleak Midwinter]","Love and Joy Come to You pt 1 
(tentative) [Love and Joy, Come to You?]","Love and Joy Come to You pt 1 
(tentative) [Welcome All Wonders]","FEEDBACK: Any thoughts, questions, or suggestions for this form? (If you want a response, please email separately!)","Love and Joy Come to You pt 2 
 [Hodie, Christus Natus Est (CAN)]","Love and Joy Come to You pt 2 
 [O Magnum Mysterium (VIK)]","Love and Joy Come to You pt 2 
 [Beautiful Saviour]","Love and Joy Come to You pt 2 
 [Rejoice, Rejoice, Believers (HYMN)]","Love and Joy Come to You pt 2 
 [Love has Come (HYMN)]","Love and Joy Come to You pt 2 
 [Good Christian Friends, Rejoice (HYMN)]","Love and Joy Come to You pt 2 
 [Joy to the World (HYMN)]",Promise of Peace Part 3 [Hark the Herald Angels Sing],"In what category is your major, or intended major?",Score,Any other comments? (2021),"Any other comments?  (2022)
","Any other comments? (2023)
","Love and Joy Come to You pt 2 
 [Gloria (CHA)]","Love and Joy Come to You pt 2 
 [Summer in Winter Carol (OC)]","Love and Joy Come to You pt 2 
 [Corde Natus Est (OC)]","Love and Joy Come to You pt 2 
 [Glory, Hallelujah to the Newborn King (OC)]","Love and Joy Come to You pt 3
 [Hodie, Christus Natus Est (CAN)]","Love and Joy Come to You pt 3
 [Gloria (CHA)]","Love and Joy Come to You pt 3
 [Summer in Winter Carol (OC)]","Love and Joy Come to You pt 3
 [Corde Natus Est (OC)]","Love and Joy Come to You pt 3
 [Glory, Hallelujah to the Newborn King (OC)]","Love and Joy Come to You pt 3
 [Be Thou my Vision (?)]","Love and Joy Come to You pt 3
 [Rejoice, Rejoice, Believers (HYMN)]","Love and Joy Come to You pt 3
 [Love has Come (HYMN)]","Love and Joy Come to You pt 3
 [Good Christian Friends, Rejoice (HYMN)]","Love and Joy Come to You pt 3
 [Joy to the World (HYMN)]","Love and Joy Come to You pt 3
 [Beautiful Saviour]","Love and Joy Come to You pt 2 
 [Ogo Ni Fum Oluwa (MNT)]","Love and Joy Come to You pt 3
 [Love and Joy, Come to You (MED)]","Love and Joy Come to You pt 3
 [Be Thou my Vision (?)]","Love and Joy Come to You pt 2 
 [Lo How a Rose (ORCH)]","Love and Joy Come to You pt 2 
 [Winter Night (ORCH)]",Did you fill out this survey last year (in 2023)?,,What choir / ensemble did you perform in?,"Any other comments? (2024)
","Our Hope for Years to Come pt 1
 [Lullabye Chelsea Rose (ORCH)]","Our Hope for Years to Come pt 1
 [Climb to the Top]","Our Hope for Years to Come pt 1
 [Hark! A Thrilling Voice is Sounding (HYMN)]","Our Hope for Years to Come pt 1
 [Lift Up your Heads]","Our Hope for Years to Come pt 1
 [Sing Nowell, Sing Gloria! (OC)]","Love and Joy Come to You pt 3
 [Be Thou my Vision (?)]","Our Hope for Years to Come pt 1
 [Eit Barn er F√∏dt (CAN)]","Our Hope for Years to Come pt 2
 [Angels we have Heard on High (HYMN)]","Our Hope for Years to Come pt 2
 [Sing we Now of Christmas (MAN)]","Our Hope for Years to Come pt 2
 [Sleep, Jesus Sleep (CHA)]","Our Hope for Years to Come pt 2
 [O Little Town of Bethlehem (OC)]","Our Hope for Years to Come pt 2
 [Ding Dong! Merrily on High (OC)]","Our Hope for Years to Come pt 2
 [Gloria]","Our Hope for Years to Come pt 3
 [Carol Collage (MED)]","Our Hope for Years to Come pt 3
 [Jeg er s√• Glad (HYMN)]","Our Hope for Years to Come pt 3
 [O Day Full of Grace]","Our Hope for Years to Come pt 3
 [Winds of Hope]","Our Hope for Years to Come pt 3
 [O God Our Help in Ages Past (HYMN)]","Our Hope for Years to Come pt 3
 [O Holy Night]","Our Hope for Years to Come pt 2
 [Row 7]",What is your main voice part (if applicable)?,"Our Hope for Years to Come pt 3
 [Beautiful Savior]","Our Hope for Years to Come pt 1
 [The First Noel (VK)]","Our Hope for Years to Come pt 2
 [Overture to the Nutcracker Suite (ORCH)]"
12/5/2024 23:43:51,2021 or before,Manitou Singers,Alto 2,S+,D,C,D,B,S+,B,A,S,B,A,C,S,C,D,C,C,A,S,F,A,B,B,S,C,C,S+,S,Cantorei,Alto 2,A,A,B,S,C,S,S+,D,S,B,A,S,F,S+,B,C,S+,S+,A,S,Cantorei,Alto 2,S+,A,C,A,B,B,S,,S+,A,S,A,C,B,B,C,STEM,,,,,B,D,A,S+,,,,,,,A,C,C,A,S,S,B,B,C,A,Yes,,Cantorei,Okay so hot take here: is Oh Day good? Yeah. Is it the worst FMC we‚Äôve done? Yes. ,A,C,C,S+,C,,S+,B,S+,A,A,C,A,A,D,A,B,C,S+,,Alto 2,S,D,S+
12/8/2024 22:16:10,2021 or before,Viking Chorus,Bass 1,S,B,C,D,A,S+,A,C,A,S,F,C,S,B,B,A,A,C,S,F,C,B,B,A,F,C,S+,S+,Cantorei,Bass 1,B,A,D,A,B,A,C,D,A,C,A,A,F,S,S,D,A,S,S,S+,Cantorei,Bass 1,A,S+,A,A,S,C,D,This is the new one?,A,B,S,A,C,B,A,A,"STEM, Humanities",,,,,B,C,A,D,,,,,,,C,C,D,A,S,F,D,,A,B,"Yes, but I want to go back and look at / change my answers",,Cantorei,Senior Fest!,S,A,D,B,B,,S+,D,A,S,B,A,A,S,D,S+,B,B,S+,,Bass 2,S,B,S
12/6/2024 13:41:00,2021 or before,Manitou Singers,Soprano 2,S+,A,C,B,A,S,C,S,B,S+,C,C,S,F,B,B,S,S,S,C,B,A,B,S,S,A,S+,S+,Chapel Choir,Soprano 2,A,S,B,A,S,C,S,B,A,B,S+,S,F,S+,S+,A,S,S,S,S+,Chapel Choir,Soprano 2,A,S+,B,A,B,B,S,,C,B,S+,B,B,B,B,A,Humanities,,,,,S+,B,B,S,,,,,,,A,B,C,B,S+,S,A,,B,A,Yes,,Chapel Choir,,A,B,C,C,,,S,B,A,A,,B,S,A,A,S,B,B,S,,Soprano 1,S+,B,S+
12/6/2024 14:45:51,2021 or before,Viking Chorus,Bass 2,B,A,S,D,A,B,S+,A,B,S+,D,F,S+,B,B,S,S+,A,B,D,C,B,C,S,C,B,S+,S+,Cantorei,Bass 2,B,B,C,A,B,S,B,B,S+,B,A,S+,S,B,B,C,C,S,S,S+,Cantorei,Bass 2,A,S+,S,B,B,B,B,Matthew Blake,S+,B,S+,C,C,C,A,A,Humanities,,x,x,x,B,B,B,B,,,,,,,,,,,,,,,,,Yes,,Cantorei,,A,B,D,S,B,,S+,A,B,B,B,B,A,S,B,A,C,D,S+,,Bass 2,S,B,S+
11/15/2023 15:59:14,2022 (Last Year),,,,,,,,,,,,,,,,,,,,,,,,,,,,,,,Viking Chorus,Bass 2,B,B,S+,B,B,S,S+,S,S+,B,S+,S,S,S+,S+,B,B,B,A,S+,,,,,,,,,,,,,,,,,,A,"Music - Other, STEM",,,,,,,,,,,,,,,,,,,,,,,,,,,,,,,,,,,,,,,,,,,,,,,,,,,,
11/15/2023 15:59:46,2022 (Last Year),,,,,,,,,,,,,,,,,,,,,,,,,,,,,,,St. Olaf Orchestra,N/A,S,C,D,S,S+,S+,S+,S+,S+,F,S+,S+,B,S+,S+,B,C,S+,S,C,Chapel Choir,Alto 1,A,A,S+,C,S+,S+,D,,F,B,,,,,,D,"Music - Other, Fine Arts / Performing Arts",,,,,C,D,S,F,,,,,,,D,B,F,A,C,S+,C,S+,D,D,,,,,,,,,,,,,,,,,,,,,,,,,,,,
12/5/2024 23:38:15,2022 (Last Year),,,,,,,,,,,,,,,,,,,,,,,,,,,,,,,Viking Chorus,Bass 2,A,B,A,S+,S,S,S+,A,S,A,B,S,S,S+,S,A,S+,S+,S,S,Cantorei,Bass 2,A,S,A,S,S,S,A,:),S,B,,,,,,S,Music - Other,,,,,B,B,B,B,,,,,,,B,B,B,A,S,B,A,B,B,B,Yes,,Cantorei,,A,B,A,S,A,,S+,B,A,S,A,S,A,S,A,S,S+,S,S+,,Bass 2,S,S,S+
11/15/2023 16:00:57,2021 or before,St. Olaf Orchestra,N/A,S+,B,B,A,S,S+,B,S+,B,B,A,B,S,C,B,A,S,A,S+,B,S+,S,C,A,S+,S+,S+,S+,St. Olaf Orchestra,N/A,A,B,B,A,A,S+,A,B,A,S,S,S,B,S+,S,B,S,S+,A,S+,St. Olaf Orchestra,N/A,,,,S,,S,B,,,,,,,,,B,"Music - Other, Fine Arts / Performing Arts",,,,,,,,,,,,,,,A,A,B,S,S+,,,,A,S,,,,,,,,,,,,,,,,,,,,,,,,,,,,
11/15/2023 16:01:37,2021 or before,St. Olaf Choir,Tenor 1,S+,S+,B,A,B,S+,S+,S,B,A,S+,A,F,B,B,A,S+,C,B,S+,S+,S,B,B,D,S,B,B,St. Olaf Choir,Tenor 1,A,A,B,B,B,A,D,B,S+,S,B,B,S+,S+,S+,B,B,B,B,B,St. Olaf Choir,Tenor 1,A,B,S,A,S,B,B,,S+,,,,,,,B,Music - Vocal,,,,,,S,S,A,,,,,,,B,B,S,A,C,,B,,S+,,,,,,,,,,,,,,,,,,,,,,,,,,,,,
11/15/2023 16:02:16,2022 (Last Year),,,,,,,,,,,,,,,,,,,,,,,,,,,,,,,Manitou Singers,Alto 1,B,C,D,A,S+,A,C,D,D,S+,S+,S+,B,S+,S+,A,S+,S+,S,S,St. Olaf Choir,Alto 2,S,B,B,B,B,A,A,,,,,,,,,B,"Music - Vocal, Education",,,,,,S+,S+,S+,,,,,,,B,A,A,B,S,,A,A,,,,,,,,,,,,,,,,,,,,,,,,,,,,,,
11/15/2023 16:03:11,2021 or before,St. Olaf Choir,Soprano 1,S+,A,B,B,B,S+,B,A,B,S,B,A,A,S,B,B,S+,A,A,A,S+,B,A,S+,S+,B,S,S+,St. Olaf Choir,Soprano 1,C,B,A,B,S,A,S+,B,A,S,S+,S+,B,S+,S+,A,S+,S,A,S+,St. Olaf Choir,Soprano 1,S+,A,B,A,A,A,A,,A,A,,,,,,A,Music - Vocal,,SO GOOODDDD,,,B,A,S+,S+,,,,,,,B,B,S,A,S+,A,A,S+,S+,S+,,,,,,,,,,,,,,,,,,,,,,,,,,,,
12/6/2024 13:23:12,2022 (Last Year),,,,,,,,,,,,,,,,,,,,,,,,,,,,,,,Manitou Singers,Soprano 1,A,S+,B,A,S+,S,S+,B,S,A,A,B,S,S+,S+,S,S,S,S+,S+,St. Olaf Choir,Soprano 1,S,S,S,B,B,A,A,,,,,,,,,A,Music - Vocal,,,,,,A,S,S+,,,,,,,,,,,S+,,,,,,Yes,,St. Olaf Choir,,B,B,B,S,S,,S+,A,S,S,S+,S+,S,S,B,A,F,A,S+,,Soprano 1,S+,B,S+
11/15/2023 16:05:22,2021 or before,Cantorei,Alto 2,S+,S,A,S,A,S+,S,S+,A,S+,A,A,S+,C,S,B,S,A,A,S+,A,A,S,S+,A,S,S,S+,Cantorei,Alto 2,S,B,S,A,A,A,B,A,A,A,B,B,B,S+,A,B,A,S,S+,S+,Cantorei,Alto 2,A,S,S,S+,S+,S,B,I hate the idea of having fest at orchestra hall again. It was a cool experience but not worth having it there two years in a row. ,S+,A,,,,,,S,Humanities,,,Not as fun as '21,I haven't heard any of the choir's solo songs outside of cantorei's so I put those all as A since i'm sure they'll be good.,A,A,A,A,,,,,,,A,S,S+,A,S+,A,S,S+,A,A,,,,,,,,,,,,,,,,,,,,,,,,,,,,
12/5/2024 23:43:17,2023 (This year),,,,,,,,,,,,,,,,,,,,,,,,,,,,,,,,,,,,,,,,,,,,,,,,,,,,,Viking Chorus,Bass 2,S,B,S+,A,A,B,C,,,S,,,,,,,"Music - Other, STEM",,,,,,,,,,,,,,,,S,A,C,A,,,B,,,Yes,,Cantorei,,B,C,A,S,D,,S+,C,C,B,B,B,S,A,A,A,B,A,F,,Bass 2,C,B,A
11/15/2023 16:11:42,2021 or before,Manitou Singers,Alto 2,B,S+,S+,C,S+,S+,A,B,F,B,B,A,D,F,S+,C,S,S+,C,S+,C,B,B,S+,D,B,B,S+,Cantorei,Alto 2,A,S+,F,S,B,D,F,B,S+,D,A,F,A,S+,B,S+,D,D,S+,S+,Cantorei,Alto 2,F,S+,F,S,S+,B,F,"haven't heard other choirs pieces, how judge????? ",S+,D,,,,,,B,"Music - Vocal, Humanities",,,,,C,C,C,C,,,,,,,F,C,B,A,S+,F,B,A,S+,S+,,,,,,,,,,,,,,,,,,,,,,,,,,,,
11/15/2023 16:13:07,2022 (Last Year),,,,,,,,,,,,,,,,,,,,,,,,,,,,,,,St. Olaf Orchestra,Tenor 2,B,B,C,B,S,A,A,B,A,B,S,A,D,S,S,B,B,B,A,A,St. Olaf Orchestra,Tenor 2,A,B,A,C,C,C,D,,,,,,,,,B,Music - Other,,,,,A,,,,,,,,,,C,,C,B,A,,C,,C,,,,,,,,,,,,,,,,,,,,,,,,,,,,,
11/15/2023 16:20:29,2021 or before,Viking Chorus,Bass 1,S+,A,D,D,A,S+,S,C,B,S,B,A,S+,C,B,B,A,A,S,C,A,C,B,A,A,A,S+,S,St. Olaf Orchestra,N/A,S,S+,A,S,D,C,S,A,B,A,B,F,F,S,C,C,C,B,S+,S,Other (Audience member),N/A,A,S,B,S+,S+,C,B,,B,B,,,,,,C,"STEM, Humanities",,,,,B,B,B,C,,,,,,,S,B,A,B,S,A,C,S,S,S,,,,,,,,,,,,,,,,,,,,,,,,,,,,
12/6/2024 7:55:13,2023 (This year),,,,,,,,,,,,,,,,,,,,,,,,,,,,,,,,,,,,,,,,,,,,,,,,,,,,,Manitou Singers,Alto 1,S+,S+,S+,A,S,S,S,,,,,,,,,,"Music - Vocal, Education",,,,,,,,,,,,,,,S,S,S+,,S+,S,S,S+,,,Yes,,St. Olaf Choir,Love the pieces this year,A,S,A,B,S,,S+,A,S,S,S+,S+,S+,S+,S,S+,A,S,S+,,Alto 2,S+,S,S+
12/6/2024 8:23:59,2023 (This year),,,,,,,,,,,,,,,,,,,,,,,,,,,,,,,,,,,,,,,,,,,,,,,,,,,,,Manitou Singers,Alto 2,S,S+,S,A,S,A,S,,,,,,,,,,"Music - Vocal, Education",,,,,,,,,,,,,,,A,A,A,A,S,S,A,S,,,Yes,,Cantorei,,S,A,B,A,,,S+,B,S,A,,S,A,S,A,S,B,B,S,,Alto 2,S,,S
11/15/2023 16:34:21,2021 or before,Manitou Singers,Alto 2,S+,A,A,B,S+,A,A,F,S+,S+,B,B,S+,S,A,A,A,S,S,B,S+,S+,B,S+,A,A,S,S+,Chapel Choir,Alto 2,S,A,C,C,B,B,S+,B,A,B,A,S,C,S+,S+,A,S+,S+,A,S+,Chapel Choir,Alto 2,S+,S+,S+,C,S+,S+,C,,,,,,,,,A,STEM,,,,,A,,,,,,,,,,,,,,S+,,,,,,,,,,,,,,,,,,,,,,,,,,,,,,,,,
11/15/2023 16:37:44,2023 (This year),,,,,,,,,,,,,,,,,,,,,,,,,,,,,,,,,,,,,,,,,,,,,,,,,,,,,Manitou Singers,Soprano 2,C,A,A,F,B,A,A,,,,,,,,,,Music - Other,,,,,,,,,,,,,,,A,,,,S,A,A,,,,,,,,,,,,,,,,,,,,,,,,,,,,,,,
12/6/2024 11:35:45,2023 (This year),,,,,,,,,,,,,,,,,,,,,,,,,,,,,,,,,,,,,,,,,,,,,,,,,,,,,Manitou Singers,Soprano 2,S,A,S,S,B,S+,A,,,,,,,,,,I don't know,,,,,,,,,,,,,,,,,,,S+,S,,,,,Yes,,Cantorei,,,A,B,B,,,S+,B,,,,,C,,C,S,B,A,S,,Soprano 2,S,,
11/15/2023 16:51:44,2023 (This year),,,,,,,,,,,,,,,,,,,,,,,,,,,,,,,,,,,,,,,,,,,,,,,,,,,,,Manitou Singers,Soprano 2,S+,A,S+,S,S+,S,S+,,,,,,,,,,STEM,,,,,,,,,,,,,,,S,S,S,S,S+,S+,S,,,,,,,,,,,,,,,,,,,,,,,,,,,,,,,
12/8/2024 22:23:29,2023 (This year),,,,,,,,,,,,,,,,,,,,,,,,,,,,,,,,,,,,,,,,,,,,,,,,,,,,,Chapel Choir,Tenor 1,A,S+,B,S,B,C,B,,,,,,,,,,"Music - Other, STEM",,,,,A,,,,,,,,,,,,,,A,,,,,,Yes,,St. Olaf Orchestra,,A,C,B,B,A,,A,A,A,B,S,A,A,A,A,B,B,B,S+,,N/A,S+,A,S
11/15/2023 19:00:27,2023 (This year),,,,,,,,,,,,,,,,,,,,,,,,,,,,,,,,,,,,,,,,,,,,,,,,,,,,,Manitou Singers,Soprano 1,S+,S+,S+,S+,S+,S+,S+,"A little hard to track what S+, S A etc",,,,,,,,,Sociology/Anthropology,,,,nope,,,,,,,,,,,,,,,S+,S+,,,,,,,,,,,,,,,,,,,,,,,,,,,,,,,,
11/15/2023 19:03:22,2021 or before,Manitou Singers,Soprano 1,B,A,A,B,S+,A,C,C,A,A,C,C,S+,A,C,C,A,A,C,B,B,B,A,S+,S+,C,A,S+,Cantorei,Soprano 1,A,S,C,A,,B,A,B,A,C,A,A,A,S+,A,C,S+,S+,A,S+,Cantorei,Soprano 1,S+,S+,C,D,A,A,S+,,B,,,,,,,S,Humanities,,,,,,,,,,,,,,,,,,,,,,,,,,,,,,,,,,,,,,,,,,,,,,,,,,,,
11/15/2023 19:33:44,2021 or before,St. Olaf Orchestra,N/A,B,,S,,S+,F,D,S+,,,,,,S,S,,A,,,S+,F,,S+,,,,S+,S+,St. Olaf Orchestra,N/A,S,,,,,,,,,,S+,,,S+,,S,,,D,,St. Olaf Orchestra,,B,,,S+,,F,F,,,,,,,,,S,Music - Other,,,,,,,,,,,,,,,,,,,,,,,F,A,,,,,,,,,,,,,,,,,,,,,,,,,,,,
11/15/2023 19:33:47,2021 or before,Manitou Singers,Alto 1,S,S,C,C,S+,S+,A,S,A,S,B,C,S+,D,A,A,S+,S+,S,S+,A,S,B,S,C,B,S+,S,St. Olaf Choir,Alto 1,A,A,B,S,S+,A,B,B,S+,B,S,B,B,B,S+,S,S+,S,B,S,St. Olaf Choir,Alto 1,S+,S,A,S,S,A,A,,,,,,,,,B,STEM,,,,,,A,S+,S+,,,,,,,,,,,S,,A,,,,,,,,,,,,,,,,,,,,,,,,,,,,,,,
11/15/2023 19:46:04,2021 or before,Manitou Singers,Alto 1,S+,S,B,C,B,B,B,B,A,S,S,C,S+,S+,B,B,B,S+,A,A,S+,A,B,A,S+,A,B,B,St. Olaf Choir,Alto 2,A,B,C,B,A,S+,S+,B,S,S+,A,S+,A,S+,S+,B,A,A,A,A,Cantorei,,S+,B,D,B,D,C,D,,A,,,,,,,B,"Music - Vocal, Education",,,,,,,,,,,,,,,,,,,,,,,,,,,,,,,,,,,,,,,,,,,,,,,,,,,,
11/15/2023 19:48:57,2021 or before,Chapel Choir,Alto 2,S,A,C,D,D,S,A,B,A,S+,D,F,S+,B,B,A,S+,B,S+,C,A,A,B,S+,S+,B,S+,S+,Chapel Choir,Alto 2,S+,S+,C,C,S,A,S,B,B,A,B,C,B,S+,S+,C,S+,C,S+,S+,Chapel Choir,Alto 2,S,S+,S+,A,S,B,F,,,S,,,,,,S,Music - Other,,"BANGER year. Of the three I've been in, this has the most songs that I want to sing again.",Carol of the Stranger was my fave this year,,S,,,,,,,,,,F,F,F,S,S+,,S,S+,S+,S+,,,,,,,,,,,,,,,,,,,,,,,,,,,,
11/15/2023 19:54:19,2022 (Last Year),,,,,,,,,,,,,,,,,,,,,,,,,,,,,,,Viking Chorus,Tenor 2,C,B,B,A,A,C,S,C,C,C,A,S+,C,S+,S,B,A,S,S,S+,Cantorei,Tenor 2,A,A,S,C,A,B,D,,B,C,,,,,,B,STEM,,,,,C,S,S,S,,,,,,,C,C,C,B,S+,B,B,C,A,S,,,,,,,,,,,,,,,,,,,,,,,,,,,,
11/15/2023 19:56:07,2021 or before,St. Olaf Orchestra,N/A,S+,,,,,,,,,A,,,,S,,,A,,,A,,,A,,,S,,S,St. Olaf Orchestra,N/A,,,,,,,,,,,,,,S+,,,,,,,St. Olaf Orchestra,N/A,,,,,,,,,,,,,,,,,"Music - Other, Humanities, Fine Arts / Performing Arts",,,,,,,,,,,,,,,,,,,,,,,,,,,,,,,,,,,,,,,,,,,,,,,,,,,,
12/8/2024 22:52:46,2023 (This year),,,,,,,,,,,,,,,,,,,,,,,,,,,,,,,,,,,,,,,,,,,,,,,,,,,,,St. Olaf Orchestra,N/A,,B,,B,B,B,C,,,,,,,,,,Nursing,,,,,,,,,,,,,,,S,S,S,S+,S+,,B,S+,D,B,Yes,,St. Olaf Orchestra,,S,S,A,B,S+,,S+,A,B,B,B,S,B,A,C,B,S+,D,S+,,N/A,S+,C,S+
11/15/2023 20:26:03,2021 or before,Manitou Singers,Soprano 2,S+,A,A,C,B,B,B,B,A,B,C,C,S+,S+,B,A,B,S+,A,C,S,S+,C,S+,S,C,S+,S+,Chapel Choir,Soprano 2,S,A,C,D,C,A,S+,C,C,C,C,S+,S+,S+,S+,C,S+,S+,C,S+,St. Olaf Choir,Soprano 2,S+,S,S+,D,D,S+,S+,,F,B,,,,,,C,"Music - Vocal, Education",,,,,F,S+,S+,S+,,,,,,,C,C,C,S+,S+,B,S+,B,S+,S+,,,,,,,,,,,,,,,,,,,,,,,,,,,,
11/15/2023 20:33:24,2023 (This year),,,,,,,,,,,,,,,,,,,,,,,,,,,,,,,,,,,,,,,,,,,,,,,,,,,,,Manitou Singers,Soprano 1,S+,S,B,A,C,C,B,,,,,,,,,,"Music - Vocal, Fine Arts / Performing Arts, Education",,,,,,,,,,,,,,,C,C,C,C,S,A,B,C,,,,,,,,,,,,,,,,,,,,,,,,,,,,,,
11/15/2023 20:48:06,2023 (This year),,,,,,,,,,,,,,,,,,,,,,,,,,,,,,,,,,,,,,,,,,,,,,,,,,,,,Manitou Singers,Soprano 2,B,A,B,A,B,S,C,,,,,,,,,,STEM,,,,,,,,,,,,,,,C,,,,S,B,A,A,,,,,,,,,,,,,,,,,,,,,,,,,,,,,,
12/9/2024 9:06:17,2022 (Last Year),,,,,,,,,,,,,,,,,,,,,,,,,,,,,,,Viking Chorus,Bass 2,A,A,S,S,A,S+,A,B,S,A,A,S+,D,S+,S+,S,S,S,A,S+,Cantorei,Bass 2,S,S+,B,C,A,S,C,It was difficult to rate the songs we haven't heard from other choirs this year.,A,B,,,,,,S+,"STEM, Humanities",,,N/A,N/A,B,B,B,A,,,,,,,S,S,S+,S+,S+,C,S+,S+,S,S,Yes,,Cantorei,Could we stop if people are fainting? Please and thank you!,B,C,S,A,A,,S+,S+,A,S,A,S+,A,S+,A,S,S+,S,S+,,Bass 2,S+,S,S+
11/15/2023 20:59:45,2023 (This year),,,,,,,,,,,,,,,,,,,,,,,,,,,,,,,,,,,,,,,,,,,,,,,,,,,,,Manitou Singers,Soprano 1,S,S+,A,A,B,A,B,,,,,,,,,,STEM,,,,,,,,,,,,,,,A,A,A,A,A,B,A,A,,,,,,,,,,,,,,,,,,,,,,,,,,,,,,
11/15/2023 21:52:47,2021 or before,St. Olaf Choir,Soprano 2,S+,B,C,C,D,S+,,,,,D,D,A,,,,S+,A,,B,,C,B,S,B,C,A,S,St. Olaf Choir,Soprano 2,,B,D,D,A,,,D,,,B,S+,D,,A,C,A,C,B,S,St. Olaf Choir,Soprano 1,A,S+,B,C,D,C,D,,,,,,,,,C,Music - Other,,,,,,C,S+,S+,,,,,,,,,,,S,,C,,,,,,,,,,,,,,,,,,,,,,,,,,,,,,,
11/15/2023 22:58:00,2023 (This year),,,,,,,,,,,,,,,,,,,,,,,,,,,,,,,,,,,,,,,,,,,,,,,,,,,,,Manitou Singers,Alto 2,S,S,A,C,B,B,A,,A,A,,,,,,,Education,,,,,B,A,A,A,,,,,,,A,A,A,A,S,A,A,A,A,A,,,,,,,,,,,,,,,,,,,,,,,,,,,,
11/16/2023 0:34:27,2022 (Last Year),,,,,,,,,,,,,,,,,,,,,,,,,,,,,,,Manitou Singers,Soprano 2,,,A,S+,D,B,A,,B,S+,B,A,A,,S+,D,S+,B,,C,Chapel Choir,Alto 1,S,D,D,B,,A,C,,,,,,,,,D,"Humanities, Education",,,,Fest this year is remarkably mid,A,,,,,,,,,,F,D,F,A,B,,A,,,,,,,,,,,,,,,,,,,,,,,,,,,,,,,
11/16/2023 8:23:17,2021 or before,St. Olaf Orchestra,N/A,S+,S,S,S,S,S+,S,S,S,S+,S,A,S+,S,S+,S,S+,B,S,S,S+,S,S+,S,S,S+,S+,S,St. Olaf Orchestra,N/A,S+,S,S,S,S,S+,S,S,S,S,A,S+,S,S+,S,S+,A,S,S+,S,St. Olaf Orchestra,N/A,,S,,,,,B,,S,S,,,,,,S,Music - Other,,,,,S,S,S,S,,,,,,,S,A,S,S,S,S,S,S,B,S,,,,,,,,,,,,,,,,,,,,,,,,,,,,
12/6/2024 1:07:04,2023 (This year),,,,,,,,,,,,,,,,,,,,,,,,,,,,,,,,,,,,,,,,,,,,,,,,,,,,,Viking Chorus,Bass 1,S,D,A,S+,S+,S,B,,,S+,,,,,,,"Music - Vocal, Education",,,,"Dr Bob or the powers that be cut out six pages of tenor bass melody in O Holy Night, thats why i gave it a D",,,,,,,,,,,,,,,S+,,,,,,Yes,,St. Olaf Choir,lets grade conductors too!,A,C,C,B,C,,S,F,C,A,C,A,S,S,C,A,B,D,F,,Bass 2,S,D,S+
12/16/2024 9:36:04,2021 or before,Manitou Singers,Alto 2,S+,S,A,B,A,B,C,C,B,S+,C,C,S+,B,C,C,A,D,B,S,B,B,B,A,B,B,A,A,St. Olaf Choir,Alto 2,B,B,B,A,S,D,C,C,B,A,S,A,F,S+,S,B,A,A,A,A,St. Olaf Choir,Alto 2,B,S+,A,C,A,A,A,,,,,,,,,B,Nursing,,Liked this one better than 2022,I think there's a general consensus that this wasn't a very good christmas fest repertoire wise,,,A,S,B,,,,,,,,,,,A,,A,,,,Yes,,St. Olaf Choir,Just re-filled it out :-),B,B,B,A,A,,S+,B,S,S,A,A,A,S,A,B,B,B,S,,Alto 2,A,D,S
11/16/2023 10:47:20,2021 or before,St. Olaf Orchestra,N/A,S+,C,C,B,C,A,A,B,C,S,C,B,C,B,C,A,A,A,B,A,S,B,B,S,B,B,C,S,St. Olaf Orchestra,N/A,S,C,C,C,C,B,B,C,C,B,B,A,C,S+,C,B,A,B,C,S,St. Olaf Orchestra,N/A,C,B,C,A,B,A,D,,C,C,,,,,,B,"Music - Other, Education",,,,,C,C,C,C,,,,,,,B,A,B,B,S,C,A,B,A,S,,,,,,,,,,,,,,,,,,,,,,,,,,,,
12/6/2024 12:01:24,2021 or before,Manitou Singers,Soprano 1,S+,S,B,C,C,S+,C,S+,A,S+,C,C,S+,C,C,C,S+,S+,S+,B,B,S+,B,S+,S+,B,A,S+,St. Olaf Choir,Soprano 1,S+,B,B,C,S,S,S+,B,A,B,S+,S,A,S+,S+,A,S+,B,B,S+,St. Olaf Choir,Soprano 1,S,S,B,D,D,D,B,,B,B,,,,,,B,Nursing,,,,,B,A,A,S+,,,,,,,C,C,C,C,S+,B,C,C,B,B,Yes,,St. Olaf Choir,,S,B,C,A,A,,S+,C,A,S+,S,S,A,A,C,A,S,C,S,,Soprano 1,S+,S,S+
12/6/2024 10:21:25,2023 (This year),,,,,,,,,,,,,,,,,,,,,,,,,,,,,,,,,,,,,,,,,,,,,,,,,,,,,Manitou Singers,Alto 2,S,S,S+,A,,B,B,,,,,,,,,,Music - Vocal,,,,,,,,,,,,,,,B,B,B,B,B,S+,,,,,Yes,,Chapel Choir,,,C,B,C,B,,S,C,B,S,B,B,S+,S,A,A,S,B,S,,Alto 2,S,B,S+
12/6/2024 11:06:31,2022 (Last Year),,,,,,,,,,,,,,,,,,,,,,,,,,,,,,,Chapel Choir,Alto 2,S,S,B,A,,,,B,,,,,B,S,S+,B,S+,S+,S,S+,Chapel Choir,Alto 2,S+,S,S,A,S+,S+,A,,,,,,,,,S,"Music - Other, Humanities",,,,,A,,,,,,,,,,B,B,B,A,S+,,S+,,,,Yes,,Chapel Choir,,B,B,C,B,A,,S+,A,S,S,B,A,A,S+,S,A,A,B,A,,Alto 2,S,S,S+
12/6/2024 0:05:38,2023 (This year),,,,,,,,,,,,,,,,,,,,,,,,,,,,,,,,,,,,,,,,,,,,,,,,,,,,,Manitou Singers,Soprano 2,A,A,S,C,A,C,B,,,,,,,,,,"Music - Vocal, Education",,,,,,,,,,,,,,,B,B,B,B,A,D,B,B,,,Yes,,St. Olaf Choir,,B,A,C,B,A,,S+,C,B,B,A,A,A,S,A,A,A,A,A,,Soprano 2,A,C,S+
12/9/2024 13:43:56,2021 or before,Manitou Singers,Alto 1,B,B,B,A,A,B,B,S,A,S+,B,C,S+,,C,B,B,S+,B,B,A,B,C,A,A,B,B,S,Chapel Choir,Alto 1,C,B,C,A,B,A,S+,B,B,B,B,S,S,S+,S,B,S,S+,S,S,Chapel Choir,Alto 1,A,A,B,A,A,B,A,,,,,,,,,B,Humanities,,I maintain that this was the best Fest program I've sung so far,,I'm the most blah about this program so far,A,,,,,,,,,,B,B,C,B,S,,B,,,,Yes,,Chapel Choir,I still think the 2021 fest was the best (ily Rosephanye Powell)...but this one comes second.,A,B,A,A,A,,S+,D,A,A,C,B,B,A,S,S,S+,B,A,,Alto 1,S,B,S+
11/16/2023 19:12:30,2023 (This year),,,,,,,,,,,,,,,,,,,,,,,,,,,,,,,,,,,,,,,,,,,,,,,,,,,,,Chapel Choir,Alto 2,S,B,S,S+,B,B,S,,,,,,,,,,"Music - Vocal, Music - Other",,,,,C,S,,,,,,,,,,,,,S+,,S,,S+,S,,,,,,,,,,,,,,,,,,,,,,,,,,,,
12/6/2024 10:33:09,2021 or before,Manitou Singers,Alto 1,S+,C,A,B,S,S,,B,B,S,C,B,S+,S,C,S,B,S,S+,S,S+,S+,S,S+,S+,S,S+,S+,Chapel Choir,Alto 1,S+,B,B,S+,B,S,S,C,S+,S,C,A,B,S+,S+,A,S+,S,A,S+,Chapel Choir,Alto 1,S+,S+,A,S+,A,,B,,,,,,,,,A,"STEM, Humanities",,,,,S+,,,,,,,,,,B,B,B,S,S+,,S+,S+,,,Yes,,St. Olaf Orchestra,,S,,B,B,A,,S+,D,C,S+,C,S+,S+,B,B,B,S+,D,S+,,N/A,S+,C,S+
11/18/2023 15:47:52,2021 or before,Manitou Singers,Soprano 1,B,B,C,C,S,S+,A,S+,A,A,B,A,S,A,A,B,S,A,S,A,S+,B,B,A,S,B,A,B,St. Olaf Choir,Soprano 1,B,B,A,A,S,A,A,B,A,A,C,S,B,S+,B,B,S,S,B,B,St. Olaf Choir,Soprano 1,S,B,B,C,B,A,A,,,,,,,,,B,STEM,,,,,,A,S+,B,,,,,,,B,B,B,B,B,,A,,,,,,,,,,,,,,,,,,,,,,,,,,,,,,,
11/21/2023 22:08:23,2023 (This year),,,,,,,,,,,,,,,,,,,,,,,,,,,,,,,,,,,,,,,,,,,,,,,,,,,,,Manitou Singers,Soprano 2,S+,S+,A,S+,S+,A,S+,,,,,,,,,,Fine Arts / Performing Arts,,,,,,,,,,,,,,,B,A,S+,S+,S+,S,S,S+,,,,,,,,,,,,,,,,,,,,,,,,,,,,,,
11/21/2023 22:10:21,2022 (Last Year),,,,,,,,,,,,,,,,,,,,,,,,,,,,,,,Manitou Singers,Soprano 1,B,A,C,S,S,S,S+,C,D,A,A,B,B,S,S+,A,S+,S+,S,S+,Cantorei,Soprano 1,S,C,C,A,B,D,S+,,S+,B,,,,,,A,Music - Other,,,carol of the atranger sweeps whatever this years carol collage is,cantorei piece ü•∞ü•∞ü•∞ü•∞ü•∞,B,B,B,B,,,,,,,C,C,C,A,S+,B,B,B,A,B,,,,,,,,,,,,,,,,,,,,,,,,,,,,
11/21/2023 22:11:28,2023 (This year),,,,,,,,,,,,,,,,,,,,,,,,,,,,,,,,,,,,,,,,,,,,,,,,,,,,,Manitou Singers,Soprano 1,S+,S+,S,A,A,S,A,,,,,,,,,,"STEM, Fine Arts / Performing Arts",,,,,,,,,,,,,,,A,,,,S+,S+,A,,,,,,,,,,,,,,,,,,,,,,,,,,,,,,,
12/8/2024 22:20:14,2023 (This year),,,,,,,,,,,,,,,,,,,,,,,,,,,,,,,,,,,,,,,,,,,,,,,,,,,,,Manitou Singers,Soprano 2,A,A,S+,C,S+,S,F,,,,,,,,,,"Music - Other, Humanities",,,,,,,,,,,,,,,B,A,C,A,A,A,A,,,,Yes,,Chapel Choir,,A,S,B,B,,,S+,B,S,S+,B,S+,D,B,S,B,B,B,S+,,Soprano 2,A,S,A
11/21/2023 22:12:35,2022 (Last Year),,,,,,,,,,,,,,,,,,,,,,,,,,,,,,,Manitou Singers,Soprano 2,S,A,S+,S,,,,S,S,B,,,C,,B,S,S+,S+,S,S+,Cantorei,Soprano 1,S,S+,S,B,A,A,B,,S,,,,,,,S+,STEM,,,,,,,,,,,,,,,S,S,,A,S+,,A,S,,,,,,,,,,,,,,,,,,,,,,,,,,,,,,
11/21/2023 22:14:49,2022 (Last Year),,,,,,,,,,,,,,,,,,,,,,,,,,,,,,,Viking Chorus,Bass 1,A,B,A,A,C,A,S+,D,C,B,C,C,D,S+,S+,C,S,S+,D,A,St. Olaf Choir,Bass 2,A,B,D,C,F,B,S+,,,,,,,,,A,Music - Other,,,,,,C,S,S+,,,,,,,C,C,C,B,A,,B,,,,,,,,,,,,,,,,,,,,,,,,,,,,,,,
11/21/2023 22:17:29,2023 (This year),,,,,,,,,,,,,,,,,,,,,,,,,,,,,,,,,,,,,,,,,,,,,,,,,,,,,Manitou Singers,Alto 1,A,S,S,B,S,B,C,,,,,,,,,,"STEM, Humanities, Psychology ",,,,,,,,,,,,,,,B,,,B,A,A,B,,,,,,,,,,,,,,,,,,,,,,,,,,,,,,,
11/21/2023 22:23:29,2023 (This year),,,,,,,,,,,,,,,,,,,,,,,,,,,,,,,,,,,,,,,,,,,,,,,,,,,,,Viking Chorus,Bass 1,S,S+,B,C,A,B,B,,,S,,,,,,,Music - Other,,,,,,,,,,,,,,,A,B,B,C,A,,A,,,,,,,,,,,,,,,,,,,,,,,,,,,,,,,
11/21/2023 22:31:29,2023 (This year),,,,,,,,,,,,,,,,,,,,,,,,,,,,,,,,,,,,,,,,,,,,,,,,,,,,,Manitou Singers,Soprano 1,S+,S+,A,S,A,A,B,,,,,,,,,,STEM,,,,,,,,,,,,,,,C,C,D,A,A,B,A,C,,,,,,,,,,,,,,,,,,,,,,,,,,,,,,
12/6/2024 1:18:19,2022 (Last Year),,,,,,,,,,,,,,,,,,,,,,,,,,,,,,,Viking Chorus,Bass 1,A,A,B,B,A,S,S,B,B,B,B,A,B,A,S+,B,S+,S+,S,S+,St. Olaf Choir,Bass 1,S,S+,A,A,B,C,S,,B,,,,,,,A,Music - Vocal,,,,,,S,S+,S+,,,,,,,B,A,B,B,S+,,B,,,,Yes,,St. Olaf Choir,If there was another category higher for Eit Barn er F√∏dt I'd give it to them,S+,B,B,B,S,,S+,B,C,A,S+,B,A,S,B,S,A,B,S+,,Bass 1,S+,A,S
11/21/2023 22:46:16,2023 (This year),,,,,,,,,,,,,,,,,,,,,,,,,,,,,,,,,,,,,,,,,,,,,,,,,,,,,Manitou Singers,Alto 1,S+,A,A,D,A,C,S+,,B,B,,,,,,,I don't know,,,,,B,B,B,B,,,,,,,B,B,B,A,S,B,A,B,B,B,,,,,,,,,,,,,,,,,,,,,,,,,,,,
12/6/2024 14:51:38,2022 (Last Year),,,,,,,,,,,,,,,,,,,,,,,,,,,,,,,Manitou Singers,Soprano 1,,A,B,S+,,,,,,A,,,B,,,,A,B,,B,Chapel Choir,Alto 1,S,A,B,A,B,,B,,,,,,,,,A,STEM,,,,,S,,,,,,,,,,C,,,,A,,A,,,,Yes,,Chapel Choir,,,B,B,A,,,,B,,S,,,A,S,B,A,A,C,S+,,Alto 1,A,,
11/21/2023 23:02:10,2022 (Last Year),,,,,,,,,,,,,,,,,,,,,,,,,,,,,,,Manitou Singers,Alto 1,A,S+,A,A,,,,B,,D,,,D,,S+,A,A,A,S,S,Cantorei,Soprano 2,C,S,S+,D,S+,S,C,,A,,,,,,,B,Nursing,,,,,,,,,,,,,,,,,,,S,,A,,,,,,,,,,,,,,,,,,,,,,,,,,,,,,,
11/21/2023 23:13:42,2023 (This year),,,,,,,,,,,,,,,,,,,,,,,,,,,,,,,,,,,,,,,,,,,,,,,,,,,,,Manitou Singers,Soprano 2,S+,S,S+,S,S+,S+,S+,Nope!,,,,,,,,,Music - Other,,,,No! Just very happy I get to be apart of Fest this year!,,,,,,,,,,,S+,S,S+,S+,S+,S+,S+,,,,,,,,,,,,,,,,,,,,,,,,,,,,,,,
12/6/2024 9:31:11,2023 (This year),,,,,,,,,,,,,,,,,,,,,,,,,,,,,,,,,,,,,,,,,,,,,,,,,,,,,Viking Chorus,,S+,S+,A,C,B,B,C,,,S+,,,,,,,"Music - Other, Fine Arts / Performing Arts",,,,,,,,,,,,,,,,,,,S+,,,,,,Yes,,St. Olaf Choir,,A,D,B,B,S,,S,C,B,S,A,S+,S+,S+,B,S,S,C,A,,Tenor 1,S,A,S+
12/8/2024 22:10:14,2023 (This year),,,,,,,,,,,,,,,,,,,,,,,,,,,,,,,,,,,,,,,,,,,,,,,,,,,,,Manitou Singers,Alto 1,S+,S,B,B,B,B,D,,,,,,,,,,I don't know,,,,,,,,,,,,,,,,,,,S,A,,,,,Yes,,Cantorei,,,C,D,S,,,S+,D,,,,,D,S,B,A,B,D,S,,Alto 1,A,,
11/21/2023 23:58:42,2023 (This year),,,,,,,,,,,,,,,,,,,,,,,,,,,,,,,,,,,,,,,,,,,,,,,,,,,,,Viking Chorus,Bass 2,S+,A,B,S+,C,S,D,,,S+,,,,,,,STEM,,,,,,,,,,,,,,,B,B,D,B,A,,A,A,,,,,,,,,,,,,,,,,,,,,,,,,,,,,,
11/22/2023 0:11:23,2023 (This year),,,,,,,,,,,,,,,,,,,,,,,,,,,,,,,,,,,,,,,,,,,,,,,,,,,,,Viking Chorus,Tenor 2,S+,A,C,A,A,A,S,It seems we've only practiced Pt. 1,,,,,,,,,"STEM, Humanities",,,,I just wish we had kept the original lyrics on Glorification ,,,,,,,,,,,S,A,C,B,D,,A,A,,,,,,,,,,,,,,,,,,,,,,,,,,,,,,
12/8/2024 22:40:37,2023 (This year),,,,,,,,,,,,,,,,,,,,,,,,,,,,,,,,,,,,,,,,,,,,,,,,,,,,,Viking Chorus,Bass 1,S,C,B,A,B,B,F,,,S+,,,,,,,Humanities,,,,,,,,,,,,,,,B,B,D,C,S,,S+,,,,Yes,,Chapel Choir,,B,B,F,B,S,,S+,B,D,B,D,A,S+,C,A,B,D,F,S,,Bass 2,S+,C,S+
11/22/2023 0:41:51,2021 or before,Chapel Choir,Bass 1,S+,A,C,C,D,B,B,D,D,S+,C,B,A,D,D,C,B,C,S+,B,S+,B,C,B,B,C,S+,S+,Other (Audience member),N/A,,,,,,,,,,,S+,,,,,,,,,S+,Chapel Choir,Bass 1,S+,A,S,D,C,C,B,,,,,,,,,,"STEM, Education",,,,2021 was the best!,A,,,,,,,,,,C,C,B,B,S+,,,,,,,,,,,,,,,,,,,,,,,,,,,,,,,,,
11/22/2023 7:14:45,2022 (Last Year),,,,,,,,,,,,,,,,,,,,,,,,,,,,,,,Manitou Singers,Soprano 1,A,B,B,S+,S,S,S,B,A,A,S,A,C,S+,A,B,S,B,A,S+,Chapel Choir,Soprano 1,S,S+,B,A,A,B,S,Hard to know about the other choirs songs especially since we don‚Äôt know which versions they are singing (2023),A,A,,,,,,B,STEM,,,,,S,A,A,A,,,,,,,B,B,B,B,S,A,B,B,A,S,,,,,,,,,,,,,,,,,,,,,,,,,,,,
11/22/2023 7:15:00,2023 (This year),,,,,,,,,,,,,,,,,,,,,,,,,,,,,,,,,,,,,,,,,,,,,,,,,,,,,Manitou Singers,Soprano 2,S,A,S+,F,A,S+,B,,,,,,,,,,STEM,,,,,,,,,,,,,,,B,,,A,A,A,,,,,,,,,,,,,,,,,,,,,,,,,,,,,,,,
11/22/2023 7:51:50,2022 (Last Year),,,,,,,,,,,,,,,,,,,,,,,,,,,,,,,Manitou Singers,Soprano 2,S,C,C,A,S,S,S+,B,B,A,B,A,C,A,S,B,S+,S+,A,S+,Chapel Choir,Soprano 2,S+,A,A,C,B,B,F,,A,S,,,,,,C,Humanities,,,,,S,S,S,S,,,,,,,D,C,D,D,S+,S,B,,S,S,,,,,,,,,,,,,,,,,,,,,,,,,,,,
12/6/2024 10:13:31,2023 (This year),,,,,,,,,,,,,,,,,,,,,,,,,,,,,,,,,,,,,,,,,,,,,,,,,,,,,Manitou Singers,Soprano 1,S,S,B,C,B,C,B,,,,,,,,,,Humanities,,,,,,,,,,,,,,,C,,,,S,D,C,,,,Yes,,Chapel Choir,,S,A,B,S,A,,S+,B,S,S,B,S+,A,S,S,A,D,A,S+,,Soprano 1,S,A,S+
11/22/2023 8:24:18,2023 (This year),,,,,,,,,,,,,,,,,,,,,,,,,,,,,,,,,,,,,,,,,,,,,,,,,,,,,Manitou Singers,Alto 2,S,S+,A,B,B,A,B,,,,,,,,,,STEM,,,,,,,,,,,,,,,,,,,,S,,,,,,,,,,,,,,,,,,,,,,,,,,,,,,,,
11/22/2023 8:40:29,2023 (This year),,,,,,,,,,,,,,,,,,,,,,,,,,,,,,,,,,,,,,,,,,,,,,,,,,,,,St. Olaf Orchestra,N/A,S+,A,S,S+,A,A,S,,S+,A,,,,,,,"STEM, Fine Arts / Performing Arts",,,,,A,A,S+,S+,,,,,,,A,A,S+,S+,S,A,S,A,S+,S+,,,,,,,,,,,,,,,,,,,,,,,,,,,,
11/22/2023 9:56:04,2023 (This year),,,,,,,,,,,,,,,,,,,,,,,,,,,,,,,,,,,,,,,,,,,,,,,,,,,,,Viking Chorus,Bass 1,S,S+,S,S,S,S,A,,,S,,,,,,,Economics ,,,,,,,,,,,,,,,,,,,,,,,,,,,,,,,,,,,,,,,,,,,,,,,,,,,,
12/6/2024 10:14:12,2021 or before,Manitou Singers,Soprano 1,S+,S+,S,B,A,S+,A,A,S,S+,B,B,S+,A,A,A,S+,B,S+,S+,S+,B,B,S+,S,B,A,S+,St. Olaf Choir,Soprano 2,A,A,B,S,S,A,A,B,S+,S,A,S+,B,S+,S+,B,S+,S+,A,S+,St. Olaf Choir,Soprano 2,S+,A,A,A,A,A,S,,,,,,,,,B,Music - Vocal,,,,i think this fest is better than last years‚Äô music overall,,S+,S+,S+,,,,,,,B,B,B,B,S+,,B,,,,Yes,,St. Olaf Choir,"This fest is actually slapping tbh, it‚Äôs second in my ranking of the four i‚Äôve been in (i‚Äôm a senior)",A,B,C,A,A,,S+,B,S,S,A,S+,S,S,A,S+,B,C,S+,,Soprano 2,S+,C,S+
12/6/2024 0:16:17,2021 or before,Manitou Singers,Alto 1,A,S,A,C,B,B,C,S,A,S,B,B,S,A,A,A,B,A,B,B,A,A,A,C,A,C,S,S,Cantorei,Alto 1,S,B,B,A,A,S,B,B,S,A,B,A,D,B,S+,S,S,A,S,S,Cantorei,Alto 1,S,S,A,D,A,B,A,,S,B,,,,,,A,"STEM, Humanities",,,,"The change from 2021 to 2022 and 2023 in the number of songs that each choir gets has been frustrating. Yes, Ole Choir does have more rehearsal time than the rest of the choirs, but three songs versus one seems particularly unfair.",A,A,B,B,,,,,,,B,B,B,A,S,B,B,B,S,A,Yes,,Cantorei,,A,B,C,A,A,,S+,B,B,S,B,A,B,S,B,S+,S,B,S+,,Alto 1,S,C,S
11/22/2023 12:10:52,2023 (This year),,,,,,,,,,,,,,,,,,,,,,,,,,,,,,,,,,,,,,,,,,,,,,,,,,,,,Manitou Singers,Alto 1,S+,A,S,A,A,S,A,,,,,,,,,,STEM,,,,,,,,,,,,,,,A,A,A,A,S,S,S,,,,,,,,,,,,,,,,,,,,,,,,,,,,,,,
11/22/2023 12:19:00,2022 (Last Year),,,,,,,,,,,,,,,,,,,,,,,,,,,,,,,Manitou Singers,Soprano 1,S,S+,B,A,S,C,C,B,D,B,A,A,B,S+,S+,D,S,S,B,S+,St. Olaf Choir,Soprano 1,S,C,C,C,D,D,S,,D,D,,,,,,D,"Music - Vocal, Education",,,,,D,S,S+,S+,,,,,,,D,D,D,D,S+,D,D,D,D,D,,,,,,,,,,,,,,,,,,,,,,,,,,,,
11/22/2023 12:46:17,2023 (This year),,,,,,,,,,,,,,,,,,,,,,,,,,,,,,,,,,,,,,,,,,,,,,,,,,,,,Manitou Singers,Alto 1,S+,B,S+,A,C,S,A,"Less White Composers, More minority representation  ",,,,,,,,,Education,,,,,,,,,,,,,,,S,,,,S+,S+,,,,,,,,,,,,,,,,,,,,,,,,,,,,,,,,
11/22/2023 12:50:36,2023 (This year),,,,,,,,,,,,,,,,,,,,,,,,,,,,,,,,,,,,,,,,,,,,,,,,,,,,,Manitou Singers,Soprano 1,A,B,S+,S,S,B,F,,,,,,,,,,Humanities,,,,,,,,,,,,,,,,,,,A,C,,,,,,,,,,,,,,,,,,,,,,,,,,,,,,,,
11/22/2023 12:51:44,2022 (Last Year),,,,,,,,,,,,,,,,,,,,,,,,,,,,,,,Manitou Singers,Soprano 1,,,C,A,,,,,,A,,,C,,S+,,S,S+,A,S+,Chapel Choir,Soprano 2,S,A,B,F,B,S,F,,,,,,,,,B,STEM,,,,,C,,,,,,,,,,C,,,B,S+,,,,,,,,,,,,,,,,,,,,,,,,,,,,,,,,,
11/22/2023 13:02:43,2023 (This year),,,,,,,,,,,,,,,,,,,,,,,,,,,,,,,,,,,,,,,,,,,,,,,,,,,,,Manitou Singers,Alto 1,S+,S,A,S,S+,,S,,,,,,,,,,Humanities,,,,,,,,,,,,,,,B,B,B,B,S+,C,,,,,,,,,,,,,,,,,,,,,,,,,,,,,,,,
12/6/2024 10:45:17,2021 or before,Manitou Singers,Soprano 2,S+,B,B,C,B,C,D,D,F,A,C,A,S,F,F,C,B,A,S+,A,S+,A,A,S+,S+,B,S+,S+,Cantorei,Soprano 2,S,B,A,S,C,B,C,C,D,B,A,S+,B,A,B,A,S+,S,B,S+,Chapel Choir,Soprano 1,S+,S+,B,B,A,B,B,,,,,,,,,S,"STEM, Languages",,,,,B,,,,,,,,,,,,A,S,S+,,,,,,Yes,,St. Olaf Choir,,S,A,A,S,S+,,S+,A,C,D,S,S,A,S,S+,S+,B,S,S+,,Soprano 2,S+,A,S+
11/22/2023 14:41:15,2023 (This year),,,,,,,,,,,,,,,,,,,,,,,,,,,,,,,,,,,,,,,,,,,,,,,,,,,,,Manitou Singers,Alto 1,S+,S,S,A,S+,A,S,,A,A,,,,,,,STEM,,,,,A,A,A,A,,,,,,,B,B,A,B,S+,A,B,A,A,A,,,,,,,,,,,,,,,,,,,,,,,,,,,,
11/22/2023 22:23:51,2021 or before,Chapel Choir,Soprano 1,C,B,C,B,A,C,A,C,B,A,B,B,S,A,B,A,A,A,S+,A,A,A,B,A,A,A,S+,S+,Chapel Choir,Soprano 2,B,B,A,S,B,S,S+,B,C,A,S+,S+,S,S+,A,A,S+,A,S,S+,St. Olaf Choir,Soprano 2,S+,S+,S,S,A,A,S+,,B,A,,,,,,A,Music - Vocal,,,,,S+,S+,S,S+,,,,,,,B,B,B,A,S+,A,B,B,A,A,,,,,,,,,,,,,,,,,,,,,,,,,,,,
11/23/2023 14:03:44,2023 (This year),,,,,,,,,,,,,,,,,,,,,,,,,,,,,,,,,,,,,,,,,,,,,,,,,,,,,Viking Chorus,Tenor 2,C,F,D,A,C,B,S,,,B,,,,,,,I don't know,,,,,,,,,,,,,,,A,S,C,A,D,,,S+,,,,,,,,,,,,,,,,,,,,,,,,,,,,,,
11/23/2023 19:30:12,2023 (This year),,,,,,,,,,,,,,,,,,,,,,,,,,,,,,,,,,,,,,,,,,,,,,,,,,,,,Viking Chorus,Bass 1,S,S+,A,S,B,A,A,,S,S+,,,,,,,Music - Vocal,,,,,A,S+,S+,S+,,,,,,,S,B,B,S+,S+,A,S,B,S+,S+,,,,,,,,,,,,,,,,,,,,,,,,,,,,
11/27/2023 21:09:59,2021 or before,Cantorei,Bass 2,S,B,B,C,S,S,B,A,B,S,B,C,S,A,S,C,S,S+,S,B,B,B,C,A,S,C,S,S,Cantorei,Bass 2,A,B,C,A,A,S,S,B,B,B,B,B,D,S,B,C,S,C,A,S,Cantorei,Bass 2,A,C,B,A,B,C,A,,S,B,,,,,,C,Nursing,,,,,B,B,B,B,,,,,,,C,C,B,C,S,B,B,A,B,B,,,,,,,,,,,,,,,,,,,,,,,,,,,,
11/24/2023 9:29:21,2021 or before,Cantorei,Alto 1,A,A,A,B,B,B,B,B,A,A,B,B,A,A,B,B,A,B,A,S,B,A,B,B,B,A,A,A,Cantorei,Alto 1,A,A,A,A,A,A,A,B,S,B,S,S,B,A,A,B,S,A,S,S,Cantorei,Tenor 1,S,A,A,A,A,A,S,,A,A,,,,,,A,Humanities,,,,,A,A,A,A,,,,,,,A,A,A,A,A,A,A,A,A,A,,,,,,,,,,,,,,,,,,,,,,,,,,,,
11/24/2023 20:09:00,2023 (This year),,,,,,,,,,,,,,,,,,,,,,,,,,,,,,,,,,,,,,,,,,,,,,,,,,,,,Cantorei,Soprano 2,A,S,B,D,C,D,A,,S,,,,,,,,Humanities,,,,,,,,,,,,,,,B,A,A,S,S+,,A,,,,,,,,,,,,,,,,,,,,,,,,,,,,,,,
12/9/2024 10:03:38,2023 (This year),,,,,,,,,,,,,,,,,,,,,,,,,,,,,,,,,,,,,,,,,,,,,,,,,,,,,Manitou Singers,Alto 2,S+,S,B,S,A,B,A,,,,,,,,,,Humanities,,,,,,,,,,,,,,,A,,A,S,S,S,B,A,,,Yes,,Cantorei,,C,C,B,A,B,,S,B,S,S,B,S,S,A,B,S+,S,A,S+,,Alto 2,S,B,S+
12/5/2024 23:44:41,2022 (Last Year),,,,,,,,,,,,,,,,,,,,,,,,,,,,,,,Manitou Singers,Soprano 2,B,A,S,S+,S,S+,S+,C,A,A,S+,A,B,S+,S+,B,S,S+,S,A,St. Olaf Choir,Soprano 2,S,S+,S+,S+,A,A,S,I like how thorough this form is! Including the past Christmas fests was a fun detail. ,S,S,,,,,,B,"Music - Vocal, Education",,,"I was very sick during Christmas fest last year, so my memory is a little foggy ","This fest hasn‚Äôt happened yet, and I haven‚Äôt heard a lot of the other ensembles‚Äô pieces ",S,S,A,S+,,,,,,,S,A,B,A,A,S+,A,A,S,S,Yes,,St. Olaf Choir,,S+,B,B,A,A,,S+,B,S,S,S,S,S,S+,S,S+,A,A,S+,,Soprano 2,S+,A,S+
11/25/2023 10:08:58,2023 (This year),,,,,,,,,,,,,,,,,,,,,,,,,,,,,,,,,,,,,,,,,,,,,,,,,,,,,,Alto 1,S+,A,A,A,,B,B,,B,B,,,,,,,STEM,,,,,B,B,B,B,,,,,,,A,A,A,A,S,S+,A,A,B,B,,,,,,,,,,,,,,,,,,,,,,,,,,,,
11/25/2023 13:37:15,2022 (Last Year),,,,,,,,,,,,,,,,,,,,,,,,,,,,,,,Manitou Singers,Soprano 2,A,S,A,S,A,B,A,,S,C,D,B,C,A,S,A,A,S,S+,S+,Cantorei,Alto 2,B,S,A,A,S,A,B,,B,,,,,,,B,Humanities,,,,,,,,,,,,,,,B,B,B,S,S+,,B,,,,,,,,,,,,,,,,,,,,,,,,,,,,,,,
11/25/2023 15:03:01,2023 (This year),,,,,,,,,,,,,,,,,,,,,,,,,,,,,,,,,,,,,,,,,,,,,,,,,,,,,Viking Chorus,Bass 2,S+,S+,S+,S+,S+,S+,B,,,S+,,,,,,,"Music - Vocal, Education",,,,,,,,,,,,,,,S+,S+,S+,S+,S+,,S+,,,,,,,,,,,,,,,,,,,,,,,,,,,,,,,
11/25/2023 15:35:57,2023 (This year),,,,,,,,,,,,,,,,,,,,,,,,,,,,,,,,,,,,,,,,,,,,,,,,,,,,,Manitou Singers,Alto 2,S,B,S,B,A,S,A,,,,,,,,,,Music - Vocal,,,,,,,,,,,,,,,,,,,S+,C,,,,,,,,,,,,,,,,,,,,,,,,,,,,,,,,
11/25/2023 23:49:19,2022 (Last Year),,,,,,,,,,,,,,,,,,,,,,,,,,,,,,,Manitou Singers,Alto 2,B,A,D,A,B,A,S,D,A,F,A,S,F,S+,S+,D,A,A,S,S,Chapel Choir,Alto 1,S,S+,S,D,S,S,D,,,,,,,,,D,I don't know,,,,,C,,,,,,,,,,D,,B,C,S,,S,,,,,,,,,,,,,,,,,,,,,,,,,,,,,,,
11/26/2023 14:11:34,2023 (This year),,,,,,,,,,,,,,,,,,,,,,,,,,,,,,,,,,,,,,,,,,,,,,,,,,,,,Manitou Singers,Alto 1,S+,S+,S,S,S,B,A,,,,,,,,,,"Music - Other, Education, Music Education (Instrumental)",,,,,,,,,,,,,,,B,B,B,A,A,S,A,,,,,,,,,,,,,,,,,,,,,,,,,,,,,,,
11/26/2023 16:44:28,2023 (This year),,,,,,,,,,,,,,,,,,,,,,,,,,,,,,,,,,,,,,,,,,,,,,,,,,,,,Viking Chorus,Bass 1,S,S+,S,C,B,A,A,,,,,,,,,,STEM,,,,,,,,,,,,,,,,,,,,,,,,,,,,,,,,,,,,,,,,,,,,,,,,,,,,
12/10/2024 9:53:50,2022 (Last Year),,,,,,,,,,,,,,,,,,,,,,,,,,,,,,,Viking Chorus,Bass 1,A,B,A,S,S,S+,S+,A,B,B,S,A,S,S,S+,A,S,S+,S+,S+,St. Olaf Choir,Bass 1,S,A,B,A,B,B,S+,"Provide links to the individual's songs as many people have not heard them and there are a lot of different arrangements of each of those pieces, so provide some way to listen to them.",,,,,,,,S,"Music - Vocal, Education",,,,,,A,S+,S+,,,,,,,B,B,C,A,S+,,A,,,,Yes,,St. Olaf Choir,,S+,A,C,A,A,,S+,B,A,A,A,S,S+,S,A,S,S+,A,S,,Bass 1,S+,C,S+
12/5/2024 23:57:38,2023 (This year),,,,,,,,,,,,,,,,,,,,,,,,,,,,,,,,,,,,,,,,,,,,,,,,,,,,,Viking Chorus,Tenor 1,S+,A,B,A,B,B,S,,,S+,,,,,,,Fine Arts / Performing Arts,,,,,,,,,,,,,,,B,A,C,A,A,,A,B,,,Yes,,Cantorei,,B,B,C,A,B,,S,B,B,S+,A,B,S+,S,B,S,A,C,A,,Tenor 1,A,B,S
12/10/2024 13:24:32,2022 (Last Year),,,,,,,,,,,,,,,,,,,,,,,,,,,,,,,Viking Chorus,Bass 1,B,C,B,A,A,S,S,B,S,C,S+,B,C,,S+,B,S+,S,S,S+,Chapel Choir,Bass 1,S+,S,A,A,S,B,A,,,,,,,,,B,Education,,,,,S,,,,,,,,,,B,B,B,B,S+,,B,,,,Yes,,St. Olaf Orchestra,,A,C,A,C,A,,S+,A,D,B,C,S,S+,B,B,B,C,C,S+,,N/A,S,A,S+
11/27/2023 10:47:52,2023 (This year),,,,,,,,,,,,,,,,,,,,,,,,,,,,,,,,,,,,,,,,,,,,,,,,,,,,,Manitou Singers,Alto 1,S+,S,A,B,A,S+,A,,,,,,,,,,Nursing,,,,,,,,,,,,,,,A,A,B,S,S+,B,B,C,,,,,,,,,,,,,,,,,,,,,,,,,,,,,,
11/27/2023 17:20:01,2022 (Last Year),,,,,,,,,,,,,,,,,,,,,,,,,,,,,,,Manitou Singers,Alto 2,A,A,C,A,B,B,S+,B,S,B,B,S+,C,S,S,A,A,S+,C,S+,Cantorei,Alto 2,S+,A,B,A,A,S,S+,,S+,A,,,,,,D,"STEM, Humanities",,,,,A,A,A,A,,,,,,,C,C,C,A,S+,A,S,B,A,A,,,,,,,,,,,,,,,,,,,,,,,,,,,,
11/27/2023 20:10:46,2021 or before,Manitou Singers,Alto 1,S+,S,A,A,B,C,B,A,S,S+,A,A,A,B,B,B,B,A,A,B,A,A,A,C,B,B,A,A,Cantorei,Alto 1,B,B,A,D,C,D,S,B,A,D,B,A,F,A,S+,A,B,A,A,A,Cantorei,Alto 1,B,S,A,B,S,A,B,"We haven't heard all of the songs yet, hence why some of the individual choir pieces are left blank. ",A,,,,,,,A,"STEM, Humanities",,"The best year thus far! Great songs, S tier vibes",A better balance across choirs would have been nice (aka not have OC with 4 songs and all the other choirs have 1).,"Pretty good, better than 2022, not as good as 2021.",,,A,,,,,,,,B,B,B,A,A,,A,A,,,,,,,,,,,,,,,,,,,,,,,,,,,,,,
11/27/2023 21:13:28,2021 or before,Cantorei,Tenor 1,S+,A,B,S,S,A,C,B,B,S+,A,C,A,A,A,B,B,A,S,B,S+,S,C,A,S,A,A,S,Cantorei,Tenor 1,A,A,B,B,B,B,A,S,S+,A,A,B,C,S+,S+,B,A,A,A,S,Cantorei,Tenor 1,A,S,B,C,B,B,B,,S,,,,,,,C,"Music - Other, Education",,,,,,,,,,,,,,,B,A,B,A,A,,B,,,,,,,,,,,,,,,,,,,,,,,,,,,,,,,
11/27/2023 21:17:26,2022 (Last Year),,,,,,,,,,,,,,,,,,,,,,,,,,,,,,,Manitou Singers,Alto 2,,A,A,B,,S,S,,,C,B,S+,A,S+,S+,A,A,S+,S,S,Chapel Choir,Tenor 1,B,S+,A,D,A,D,S,,,,,,,,,A,Humanities,,,Carol of the Stranger was so much better than this year‚Äôs ‚Äúcarol‚Äù medley,The choral pieces this year are extremely dull,A,,,,,,,,,,C,C,B,B,S,,D,,,,,,,,,,,,,,,,,,,,,,,,,,,,,,,
11/27/2023 21:18:57,2023 (This year),,,,,,,,,,,,,,,,,,,,,,,,,,,,,,,,,,,,,,,,,,,,,,,,,,,,,Viking Chorus,Tenor 1,A,B,S,B,C,C,S,,,A,,,,,,,STEM,,,,,,,,,,,,,,,C,A,A,B,B,,B,A,,,,,,,,,,,,,,,,,,,,,,,,,,,,,,
11/27/2023 21:20:27,2023 (This year),,,,,,,,,,,,,,,,,,,,,,,,,,,,,,,,,,,,,,,,,,,,,,,,,,,,,St. Olaf Orchestra,N/A,,,,S+,,S+,B,,,,,,,,,,"Music - Other, STEM",,,,,,,,,,,,,,,S+,S,S,S+,S+,,,,,,,,,,,,,,,,,,,,,,,,,,,,,,,,,
12/6/2024 0:22:40,2021 or before,Viking Chorus,Bass 1,S,A,,C,B,A,S,A,B,S+,A,C,S+,A,B,A,B,A,B,C,B,A,A,A,A,B,S+,S,Cantorei,Bass 1,A,A,A,A,B,S,S,B,S+,B,S,A,D,S+,S,A,S,S+,A,S,Cantorei,Bass 1,S,A,A,B,A,A,B,,A,,,,,,,A,Humanities,,,,Can't answer truthfully about the solo choir pieces I have not heard,,,,,,,,,,,B,A,A,B,S,,,,,,Yes,,Cantorei,,S,B,B,A,A,,S+,A,A,S+,B,A,S,S,A,S,A,B,S,,Bass 1,S+,S,S+
11/27/2023 21:27:58,2021 or before,Chapel Choir,Bass 1,S,S,S,S+,S+,A,S,S,S,S+,A,A,S,B,S+,A,S,S,S+,S,S+,S+,S,S+,S,S,S+,S+,Chapel Choir,Bass 1,A,S,S,S+,A,A,S,S,S+,A,A,S,S,A,S+,S,S+,S+,S+,S+,Chapel Choir,Bass 1,S+,S+,S,S,S+,A,S+,,,,,,,,,A,Humanities,,"If it were possible to give ""Silent Night"" (the Chapel piece) a higher rating, I would.",,,S,S,,,,,,,,,S,S,A,A,S+,,S,,,,,,,,,,,,,,,,,,,,,,,,,,,,,,,
11/27/2023 21:37:29,2021 or before,Viking Chorus,Bass 2,B,C,,C,S,S,A,B,C,A,D,C,S+,C,B,B,S,B,C,B,C,A,A,A,S,B,S+,B,St. Olaf Choir,Bass 2,C,A,C,B,A,A,S,D,C,B,C,B,C,S+,S,B,B,A,D,B,St. Olaf Choir,Bass 2,B,A,C,B,A,B,S,,,,,,,,,B,"Music - Vocal, STEM",,,,,,B,A,S+,,,,,,,C,B,B,A,B,,B,,,,,,,,,,,,,,,,,,,,,,,,,,,,,,,
11/27/2023 21:39:53,2022 (Last Year),,,,,,,,,,,,,,,,,,,,,,,,,,,,,,,Manitou Singers,Soprano 2,A,S,S+,S,A,A,A,A,A,A,S,S,A,S+,S+,S,S,A,S+,S,Cantorei,Soprano 2,A,S+,A,S,S+,S+,A,,S+,A,,,,,,A,Gender and Sexuality Studies ,,,,,A,S,S,S,,,,,,,A,A,A,S,S+,A,S+,A,S,S,,,,,,,,,,,,,,,,,,,,,,,,,,,,
11/27/2023 21:43:34,2021 or before,St. Olaf Orchestra,N/A,A,,,,B,,,B,S,,,B,,,,,,,,S+,S+,,,,C,,,C,St. Olaf Orchestra,N/A,S+,,,,,,,,,,S,S,S,S+,,B,,,,B,St. Olaf Orchestra,N/A,,,,,B,,C,,B,,,,,,,S,Music - Other,,,,,,,,,,,,,,,A,,B,A,,,,,D,S,,,,,,,,,,,,,,,,,,,,,,,,,,,,
11/27/2023 21:49:13,2022 (Last Year),,,,,,,,,,,,,,,,,,,,,,,,,,,,,,,Viking Chorus,Tenor 2,S,A,A,S+,A,S+,S+,B,B,B,S+,A,A,S,A,B,A,A,A,S,Chapel Choir,Tenor 2,S,A,A,B,B,A,S+,"For the 2023 section, I haven‚Äôt heard most of the other choir‚Äôs solo pieces before. The couple I‚Äôve heard before I have rating for, while the others just got B‚Äôs. If the composer was added beneath, I could‚Äôve googled the song, but many of the titles are generic enough there are multiple versions. Either that or a Spotify playlist would‚Äôve helped. ",A,S,,,,,,B,STEM,,,,,S,B,B,B,,,,,,,B,B,B,S,S,B,A,B,A,A,,,,,,,,,,,,,,,,,,,,,,,,,,,,
11/27/2023 22:10:52,2023 (This year),,,,,,,,,,,,,,,,,,,,,,,,,,,,,,,,,,,,,,,,,,,,,,,,,,,,,Viking Chorus,Tenor 2,S+,S+,A,S+,S+,S,S+,,,S,,,,,,,"Music - Vocal, Education",,,,,,,,,,,,,,,,,,,,,,,,,,,,,,,,,,,,,,,,,,,,,,,,,,,,
12/6/2024 13:04:41,2023 (This year),,,,,,,,,,,,,,,,,,,,,,,,,,,,,,,,,,,,,,,,,,,,,,,,,,,,,Manitou Singers,Soprano 2,S+,S,S,B,S,A,S+,,,,,,,,,,Humanities,,,,,,,,,,,,,,,A,B,B,A,S,S,A,,,,Yes,,Chapel Choir,,S+,S,C,A,A,,S,B,S,S,A,A,B,S,B,S+,A,B,S,,Soprano 2,S,A,S
12/6/2024 15:19:04,2023 (This year),,,,,,,,,,,,,,,,,,,,,,,,,,,,,,,,,,,,,,,,,,,,,,,,,,,,,St. Olaf Orchestra,N/A,,A,B,C,B,S,A,"Maybe change the wording from ""which choir do you sing in"" to ""which ensemble are you part of"" (or something else that makes more sense), as it reads a little bit privileged towards choir members. ",,,,,,,,,Music - Other,,,,,,,,,,,,,,,A,B,S,S,S,,S,,D,A,Yes,,St. Olaf Orchestra,"I kinda wish there was a carol collage with the classic carols (something akin to Leroy Anderson's ""A Christmas Festival""). Also this might be a hot take but I really hate the sleigh ride tradition, because it feels unfair to the orchestra (everyone is working hard, and at the end of it, the choirs all get up and have fun, while the orchestra has to keep working...) Maybe there should be a way to alter or add to the tradition so that the orchestra has a reward too instead of being ""rewarded"" by being the accompaniment to a party...",A,B,B,C,,,S,S+,A,C,B,A,C,B,S,,S,B,S+,,N/A,S+,S+,S+
11/27/2023 23:31:11,2023 (This year),,,,,,,,,,,,,,,,,,,,,,,,,,,,,,,,,,,,,,,,,,,,,,,,,,,,,Viking Chorus,Bass 1,S+,A,B,A,S,S,S+,,,S+,,,,,,,"Music - Vocal, STEM",,,,,,,,,,,,,,,D,C,D,B,S,,S+,S+,,,,,,,,,,,,,,,,,,,,,,,,,,,,,,
11/28/2023 0:48:30,2021 or before,Manitou Singers,Alto 1,B,B,S,D,C,F,C,A,S+,S+,F,F,S+,S+,B,S+,B,S,S+,C,C,D,F,F,F,B,A,S,Chapel Choir,Alto 1,A,F,F,F,A,S,S+,F,A,A,B,S+,F,S,C,F,F,C,A,S+,Chapel Choir,Alto 1,B,B,A,D,A,D,B,,S,S,,,,,,A,Humanities,,,I will make a way slaps so hard and was the best piece!,,S+,A,A,A,,,,,,,B,F,F,A,S+,C,B,F,S+,S+,,,,,,,,,,,,,,,,,,,,,,,,,,,,
11/28/2023 1:18:50,2023 (This year),,,,,,,,,,,,,,,,,,,,,,,,,,,,,,,,,,,,,,,,,,,,,,,,,,,,,Chapel Choir,Tenor 2,A,S+,S,B,A,S,S+,,,,,,,,,,"Music - Vocal, Music - Other",,,,,S,,,,,,,,,,C,F,F,F,S+,,S,F,,,,,,,,,,,,,,,,,,,,,,,,,,,,,,
11/28/2023 10:20:50,2021 or before,Chapel Choir,Soprano 2,C,A,B,A,D,D,C,B,B,A,S,S,A,A,C,A,C,S,A,S+,B,S,A,A,B,A,C,A,Chapel Choir,Soprano 2,C,B,A,C,,A,A,B,B,C,C,B,B,S,S,A,D,B,A,A,Chapel Choir,Soprano 2,D,B,A,D,B,A,F,,,,,,,,,A,"STEM, Fine Arts / Performing Arts",,This program was really good imo,we only got one individual song while ole choir still got their 3 which was incredibly insulting,ole choir still gets 3 while the rest of us only get one?!?!?!  counting their sizable solo in WAW they practically have 4!!! WTF,D,,,,,,,,,,A,B,A,B,A,,A,,,,,,,,,,,,,,,,,,,,,,,,,,,,,,,
11/28/2023 10:26:43,2023 (This year),,,,,,,,,,,,,,,,,,,,,,,,,,,,,,,,,,,,,,,,,,,,,,,,,,,,,Viking Chorus,Bass 1,S+,S+,S,S,S+,S,S+,"No, thanks!",S,S+,,,,,,,"STEM, I don't know, Currently a STEM major but thinking of moving towards phycology",,,,"No, thank you",S,S,S,S+,,,,,,,A,S+,S,S+,S+,S,S,S+,S+,S,,,,,,,,,,,,,,,,,,,,,,,,,,,,
11/28/2023 11:56:01,2023 (This year),,,,,,,,,,,,,,,,,,,,,,,,,,,,,,,,,,,,,,,,,,,,,,,,,,,,,Manitou Singers,Alto 2,S,A,B,B,A,S,A,,,,,,,,,,Humanities,,,,,,,,,,,,,,,B,B,B,A,S+,B,B,,,,,,,,,,,,,,,,,,,,,,,,,,,,,,,
11/28/2023 12:23:29,2022 (Last Year),,,,,,,,,,,,,,,,,,,,,,,,,,,,,,,Viking Chorus,Bass 1,A,A,B,S,D,S,S+,A,A,C,A,B,F,B,A,B,C,A,S+,S+,Chapel Choir,Bass 1,S,A,A,S,A,B,C,,C,B,,,,,,C,Humanities,,,,,A,B,B,B,,,,,,,A,A,C,C,S+,B,A,C,B,B,,,,,,,,,,,,,,,,,,,,,,,,,,,,
11/28/2023 13:22:39,2023 (This year),,,,,,,,,,,,,,,,,,,,,,,,,,,,,,,,,,,,,,,,,,,,,,,,,,,,,Viking Chorus,Bass 1,S,A,A,A,S+,S,A,,,S+,,,,,,,I don't know,,,,,,,,,,,,,,,,S+,,,S+,,,,,,,,,,,,,,,,,,,,,,,,,,,,,,,,,
12/6/2024 10:09:16,2023 (This year),,,,,,,,,,,,,,,,,,,,,,,,,,,,,,,,,,,,,,,,,,,,,,,,,,,,,Viking Chorus,Bass 1,S,A,C,A,B,C,A,no!,,C,,,,,,,"Music - Vocal, Fine Arts / Performing Arts, Education",,,,"Overall very good selection of pieces, I would personally prefer a few more upbeat/‚Äúrowdy‚Äù pieces",,,,,,,,,,,C,B,B,B,A,,B,,,,Yes,,St. Olaf Choir,Anton so mean to dr hibbard,,C,D,B,B,,,C,,,B,B,S,B,C,B,A,D,S,,Bass 2,S,,
11/28/2023 20:16:04,2023 (This year),,,,,,,,,,,,,,,,,,,,,,,,,,,,,,,,,,,,,,,,,,,,,,,,,,,,,Chapel Choir,Soprano 1,C,S,S,B,S,S,C,,,,,,,,,,I don't know,,,,,,,,,,,,,,,,,,,,,,,,,,,,,,,,,,,,,,,,,,,,,,,,,,,,
11/29/2023 9:21:18,2021 or before,Manitou Singers,Soprano 1,S,A,S+,C,A,S,S,S,A,B,C,C,S+,A,B,A,A,S,S,S+,S,S+,A,S+,S,S+,A,S+,Chapel Choir,Alto 2,A,A,B,B,A,S+,S+,B,S+,S,B,S+,C,S+,S+,A,S+,A,A,S+,Chapel Choir,Alto 2,A,A,A,B,S,S+,B,,,,,,,,,A,Humanities,,,,,S,,,,,,,,,,B,B,B,S,S+,,S+,,,,,,,,,,,,,,,,,,,,,,,,,,,,,,,
12/2/2023 11:55:18,2023 (This year),,,,,,,,,,,,,,,,,,,,,,,,,,,,,,,,,,,,,,,,,,,,,,,,,,,,,St. Olaf Orchestra,N/A,,,,,,,,,,,,,,,,,STEM,,,,,,,,,,,,,,,,,,,,,,,,,,,,,,,,,,,,,,,,,,,,,,,,,,,,
12/5/2024 23:39:45,2023 (This year),,,,,,,,,,,,,,,,,,,,,,,,,,,,,,,,,,,,,,,,,,,,,,,,,,,,,Viking Chorus,Tenor 1,S+,S,A,B,B,B,S,,B,A,,,,,,,Music - Vocal,,,,,B,B,C,S+,,,,,,,C,A,B,A,S,A,A,,S,S,Yes,,St. Olaf Choir,,C,B,D,C,S,,S+,B,B,A,S+,S,A,A,A,S+,A,D,S,,Tenor 1,S,S,S
12/3/2023 14:55:56,2021 or before,Cantorei,Alto 1,S,S+,A,A,B,B,C,S,B,B,S+,B,S+,A,S,C,B,B,B,A,A,A,B,A,S,S+,S,S+,,,,,,,,,,,,,,,,,,,,,,,Cantorei,Alto 1,S,S+,B,A,S,A,A,,S+,B,,,,,,,Humanities,,,,,A,C,B,S+,,,,,,,B,S,B,B,S+,S+,A,C,S,S,,,,,,,,,,,,,,,,,,,,,,,,,,,,
12/6/2024 8:41:57,2023 (This year),,,,,,,,,,,,,,,,,,,,,,,,,,,,,,,,,,,,,,,,,,,,,,,,,,,,,Viking Chorus,Bass 1,S,S+,C,B,C,A,A,,B,S+,,,,,,,Music - Vocal,,,,,A,S,S,S+,,,,,,,,B,A,S,S+,S,S,,S+,A,Yes,,St. Olaf Choir,the hymns suck,S,D,F,C,A,,S+,F,C,B,D,S,A,A,D,S+,C,F,S,,Bass 1,B,B,S+
12/5/2024 23:43:46,2023 (This year),,,,,,,,,,,,,,,,,,,,,,,,,,,,,,,,,,,,,,,,,,,,,,,,,,,,,Viking Chorus,Tenor 2,S+,S,D,B,B,A,S+,,A,S+,,,,,,,Music - Vocal,,,,,B,S,S,S+,,,,,,,B,B,S,S,S,A,S+,,S+,S+,Yes,,Cantorei,,S+,A,C,B,A,,S+,B,C,A,B,A,S,S+,B,S+,C,D,S+,,Tenor 2,S+,S,S+
12/3/2023 15:14:21,2023 (This year),,,,,,,,,,,,,,,,,,,,,,,,,,,,,,,,,,,,,,,,,,,,,,,,,,,,,Manitou Singers,Alto 2,B,A,S,A,S+,B,A,,A,S,,,,,,,"Music - Other, Education",,,,,S,S,S,S,,,,,,,S,S,B,S+,S+,S+,A,,S,S,,,,,,,,,,,,,,,,,,,,,,,,,,,,
12/3/2023 15:32:40,2023 (This year),,,,,,,,,,,,,,,,,,,,,,,,,,,,,,,,,,,,,,,,,,,,,,,,,,,,,Manitou Singers,Soprano 2,A,S,A,B,A,B,B,,A,A,,,,,,,"Music - Vocal, Education",,,,,A,B,S,S+,,,,,,,C,B,C,A,A,A,S,,S+,S+,,,,,,,,,,,,,,,,,,,,,,,,,,,,
12/6/2024 6:44:19,,,,,,,,,,,,,,,,,,,,,,,,,,,,,,,,,,,,,,,,,,,,,,,,,,,,,,,,,,,,,,,Too many confusing categories for grading. Why S and S+? Simplify it so it‚Äôs easier to grade things.,,,,,,,,,,,,,,,,,,,,,,,,,,,,,,,,,,Yes,,St. Olaf Choir,,B,B,D,A,S,,S,B,C,B,S,A,A,S+,B,S,S,F,A,,Tenor 1,S,A,S+
12/6/2024 0:38:01,2023 (This year),,,,,,,,,,,,,,,,,,,,,,,,,,,,,,,,,,,,,,,,,,,,,,,,,,,,,Manitou Singers,Alto 1,S+,S,S,S,A,A,S,,S,S,,,,,,,"Humanities, Fine Arts / Performing Arts, Education",,,,,A,S,S,S+,,,,,,,A,,C,S+,S+,S+,A,B,B,A,Yes,,St. Olaf Choir,,,B,B,A,S,,S,S,B,A,A,A,A,S,B,S,S,A,A,,Alto 1,S,B,S+
12/8/2024 22:57:59,2022 (Last Year),,,,,,,,,,,,,,,,,,,,,,,,,,,,,,,Manitou Singers,Soprano 2,A,S,B,A,S,A,S+,A,S,S,A,A,S,S,S,A,S,A,S+,S,Manitou Singers,Soprano 2,S,S+,S+,S,S,S,S,"As with last year, I don't have any concerns. If anything comes to mind, I will let you know!",A,A,,,,,,A,Music - Vocal,,,,,A,A,S,S,,,,,,,A,S,A,S,S,S+,S,S,S,S,Yes,,Cantorei,,S,S,A,S,A,,S+,A,S+,A,A,S,S+,S,S,S,S+,A,S+,,Alto 1,A,S+,S+
12/3/2023 17:31:33,2023 (This year),,,,,,,,,,,,,,,,,,,,,,,,,,,,,,,,,,,,,,,,,,,,,,,,,,,,,Viking Chorus,Bass 1,S+,S+,S,S,S,S,S+,Thank you for the form!,S,S+,,,,,,,Music - Vocal,,,,I really really enjoyed the concert! It was awesome to see all of the choirs! I also really liked singing right next to St Olaf Choir!,S+,S+,S+,S+,,,,,,,A,A,A,S,S+,S+,S+,S,S+,S+,,,,,,,,,,,,,,,,,,,,,,,,,,,,
12/3/2023 23:14:48,2023 (This year),,,,,,,,,,,,,,,,,,,,,,,,,,,,,,,,,,,,,,,,,,,,,,,,,,,,,Manitou Singers,Soprano 1,S,A,A,B,A,A,A,,,,,,,,,,Nursing,,,,,,,,,,,,,,,A,B,A,S,S,A,A,,,,,,,,,,,,,,,,,,,,,,,,,,,,,,,
12/10/2024 0:13:21,2021 or before,Viking Chorus,Tenor 2,A,S,A,C,D,S,S+,C,B,S+,C,B,S+,C,A,A,S+,S,S+,A,B,A,B,S+,B,C,S,S+,Chapel Choir,Tenor 2,S+,S,C,B,S+,S+,S+,S+,S+,B,S+,S,A,S,A,B,A,B,S+,S+,Chapel Choir,Tenor 2,S,S+,A,D,A,,S,"I think that more hymns like O Day of Peace from 2022‚Äôs fest would be better to have, they‚Äôre more sorta dramatic? If that makes sense. Also having more well-known hymns like Angels we have Heard on High as the processional or recessional works better for memorization, cause having Hark for last year‚Äôs recessional was fantastic.
Also, I know it‚Äôs a little insane for everyone, but I really think going back to the old on-campus fest arrangement of two solos for all the other choirs and an intermission would really add a bit more fun to contrast with going to Orch Hall and doing the one solo per non-ole choir. It was a drag to do two solo pieces when I was in Viking freshman year but it was worth it, and now that I‚Äôm in Chapel and a much better singer, I really wish we could‚Äôve done two solo pieces.",B,S+,,,,,,A,Humanities,,,"I know there are so many S+ but this was just such a goated fest. Also, this might be bragging since I‚Äôm in Chapel (though I have also heard it from a lot of people who weren‚Äôt in Chapel last year), but I Will Make A Way might be one of the best fest songs in current student body memory. The sheer power of the piece is unrivaled by anything else I‚Äôve ever sung or heard in a choral setting before. Just wanna make my thoughts on that known.",,S,A,S,S+,,,,,,,B,C,B,C,S+,S+,S,,S,S,Yes,,Chapel Choir,,S+,A,D,B,B,,S+,B,B,S,A,A,A,S+,A,S+,S,D,S+,,Tenor 2,S+,S,S+
12/4/2023 15:50:50,2023 (This year),,,,,,,,,,,,,,,,,,,,,,,,,,,,,,,,,,,,,,,,,,,,,,,,,,,,,St. Olaf Orchestra,N/A,B,B,D,A,D,B,B,,B,B,,,,,,,Music - Other,,,,,A,A,B,S+,,,,,,,A,C,C,B,S+,S,B,,C,C,,,,,,,,,,,,,,,,,,,,,,,,,,,,
12/4/2023 16:08:35,2021 or before,Viking Chorus,Bass 1,S+,A,A,B,B,A,S+,A,S,S,B,C,A,A,B,S,S+,S+,S,C,A,A,A,B,B,A,S,S+,,,,,,,,,,,,,,,,,,,,,,,,,,,,,,,,,,,,,,,,,I don't know,,,,,,,,,,,,,,,,,,,,,,,,,,,,,,,,,,,,,,,,,,,,,,,,,,,,
12/4/2023 19:14:11,2023 (This year),,,,,,,,,,,,,,,,,,,,,,,,,,,,,,,,,,,,,,,,,,,,,,,,,,,,,Manitou Singers,Soprano 1,A,S+,S,D,D,B,B,,A,A,,,,,,,Music - Other,,,,,B,B,B,B,,,,,,,B,B,C,B,S+,S,S,F,S,S,,,,,,,,,,,,,,,,,,,,,,,,,,,,
12/8/2024 22:06:51,2023 (Last year),,,,,,,,,,,,,,,,,,,,,,,,,,,,,,,,,,,,,,,,,,,,,,,,,,,,,Manitou Singers,Soprano 2,A,A,B,B,B,,B,,A,C,,,,,,,Humanities,,,,,B,C,A,S+,,,,,,,A,B,B,B,S,A,S,,S,S+,No,,Chapel Choir,,B,B,B,A,B,,S+,C,A,A,F,C,B,B,B,B,B,B,S,,Soprano 2,S,B,S+
12/5/2024 23:37:52,,,,,,,,,,,,,,,,,,,,,,,,,,,,,,,,,,,,,,,,,,,,,,,,,,,,,,,,,,,,,,,,,,,,,,,,,,,,,,,,,,,,,,,,,,,,,,,,,Yes,,St. Olaf Choir,,A,B,C,A,B,,S+,B,A,B,S,S,A,A,C,A,D,C,S,,Soprano 1,S,A,S
12/5/2024 23:38:04,2024 (This year),,,,,,,,,,,,,,,,,,,,,,,,,,,,,,,,,,,,,,,,,,,,,,,,,,,,,,,,,,,,,,No it‚Äôs good!,,,,,,,,,STEM,,,,,,,,,,,,,,,,,,,,,,,,,No,,Manitou Singers,Do people normally faint this much- my mom wants to know,A,C,B,S,B,,A,C,S,B,B,S,S,S,B,S,S,B,S+,,Alto 2,S+,S+,S+
12/5/2024 23:39:09,2024 (This year),,,,,,,,,,,,,,,,,,,,,,,,,,,,,,,,,,,,,,,,,,,,,,,,,,,,,,,,,,,,,,,,,,,,,,,STEM,,,,,,,,,,,,,,,,,,,,,,,,,No,,Manitou Singers,Skipping around Skoglund after fest was so so fun!!! ,S+,S+,S,S+,S,,S+,A,S+,S+,S,S,S+,S+,S+,S+,S+,S,S+,,Soprano 1,S+,S,S+
12/5/2024 23:39:12,2024 (This year),,,,,,,,,,,,,,,,,,,,,,,,,,,,,,,,,,,,,,,,,,,,,,,,,,,,,,,,,,,,,,,,,,,,,,,Music - Other,,,,,,,,,,,,,,,,,,,,,,,,,No,,Manitou Singers,,A,A,C,S,B,,A,A,S,B,B,A,A,S,B,A,B,C,S+,,Soprano 2,S+,A,S
12/5/2024 23:40:10,2024 (This year),,,,,,,,,,,,,,,,,,,,,,,,,,,,,,,,,,,,,,,,,,,,,,,,,,,,,,,,,,,,,,,,,,,,,,,Humanities,,,,,,,,,,,,,,,,,,,,,,,,,No,,Manitou Singers,,S,C,C,A,A,,S,C,A,B,A,S,F,S+,A,S+,A,B,A,,Soprano 2,S+,B,S+
12/5/2024 23:41:14,2024 (This year),,,,,,,,,,,,,,,,,,,,,,,,,,,,,,,,,,,,,,,,,,,,,,,,,,,,,,,,,,,,,,"Noel is not spelled Nowell, but I understood what you meant :)",,,,,,,,,"Humanities, Fine Arts / Performing Arts",,,,,,,,,,,,,,,,,,,,,,,,,No,,Manitou Singers,I like all of these songs a lot,C,D,F,B,S,,S+,F,B,A,D,S+,S,S,D,S+,A,F,C,,Alto 2,B,A,C
12/5/2024 23:41:33,2024 (This year),,,,,,,,,,,,,,,,,,,,,,,,,,,,,,,,,,,,,,,,,,,,,,,,,,,,,,,,,,,,,,,,,,,,,,,Economics,,,,,,,,,,,,,,,,,,,,,,,,,No,,Manitou Singers,,,S,D,S+,,,,A,S+,,,,S+,S+,B,A,S,D,S+,,Soprano 2,S+,,S
12/5/2024 23:43:39,2024 (This year),,,,,,,,,,,,,,,,,,,,,,,,,,,,,,,,,,,,,,,,,,,,,,,,,,,,,,,,,,,,,,,,,,,,,,,I don't know,,,,,,,,,,,,,,,,,,,,,,,,,No,,Manitou Singers,,,B,A,S+,,,,B,S,,,,C,A,S,S+,B,C,S+,,Alto 2,S+,,
12/5/2024 23:44:35,2024 (This year),,,,,,,,,,,,,,,,,,,,,,,,,,,,,,,,,,,,,,,,,,,,,,,,,,,,,,,,,,,,,,WE SHOULD SING THE VUELIE FROM FROZEN. ,,,,,,,,,Fine Arts / Performing Arts,,,,,,,,,,,,,,,,,,,,,,,,,No,,Manitou Singers,,,B,A,S+,,,,A,S,,,,C,A,S,S+,S+,B,S+,,Alto 2,S+,,
12/5/2024 23:49:11,2024 (This year),,,,,,,,,,,,,,,,,,,,,,,,,,,,,,,,,,,,,,,,,,,,,,,,,,,,,,,,,,,,,,,,,,,,,,,STEM,,,,,,,,,,,,,,,,,,,,,,,,,No,,Viking Chorus,,B,A,C,B,,,B,B,,,,,A,S+,B,C,B,B,A,,Tenor 2,B,A,
12/5/2024 23:50:54,2024 (This year),,,,,,,,,,,,,,,,,,,,,,,,,,,,,,,,,,,,,,,,,,,,,,,,,,,,,,,,,,,,,,,,,,,,,,,"Music - Other, Education",,,,,,,,,,,,,,,,,,,,,,,,,No,,Manitou Singers,,S+,A,A,S,A,,A,A,A,S,S,S,B,S,A,S+,S,S,S,,Alto 1,S+,S,A
12/5/2024 23:51:20,2021 or before,Viking Chorus,Bass 2,S,S,B,A,B,S+,A,S,A,S+,A,S,S+,A,A,A,S+,S,S+,S+,A,S,A,S+,A,A,S,S+,St. Olaf Choir,Tenor 1,S,A,A,A,S+,A,B,B,B,B,S+,S,C,S,A,B,S+,A,S,S+,St. Olaf Choir,Tenor 1,S+,A,A,S,A,,S+,,,S,,,,,,B,"Music - Vocal, Church Music",,,,,B,S+,S,S+,,,,,,,A,A,S,A,S+,A,B,,S+,,,,St. Olaf Choir,,S,C,A,C,S+,,S+,B,C,A,S+,A,A,S+,A,S+,B,S,A,,Tenor 1,S+,B,S
12/5/2024 23:53:03,2024 (This year),,,,,,,,,,,,,,,,,,,,,,,,,,,,,,,,,,,,,,,,,,,,,,,,,,,,,,,,,,,,,,,,,,,,,,,Psych,,,,,,,,,,,,,,,,,,,,,,,,,No,,Viking Chorus,,S,B,C,C,A,,S,B,A,S,A,B,C,S,C,A,C,C,A,,Bass 1,S+,B,S+
12/5/2024 23:58:25,2024 (This year),,,,,,,,,,,,,,,,,,,,,,,,,,,,,,,,,,,,,,,,,,,,,,,,,,,,,,,,,,,,,,,,,,,,,,,Music - Other,,,,,,,,,,,,,,,,,,,,,,,,,No,,Viking Chorus,,,A,B,B,,,,B,,,,,S,S+,B,B,A,D,C,,Tenor 2,B,A,
12/6/2024 0:12:33,2023 (Last year),,,,,,,,,,,,,,,,,,,,,,,,,,,,,,,,,,,,,,,,,,,,,,,,,,,,,St. Olaf Orchestra,Soprano 2,A,B,S+,C,,,A,Maybe give the ensemble participation question a select multiple option?,,,,,,,,,Humanities,,,,"I was a slashie, Orch and Manitou",,,,,,,,,,,C,,,A,S,S,C,,S+,,,,St. Olaf Orchestra,"I‚Äôm not a slashie this year, I just loved some choir pieces so much that I rated them anyway lol",S,A,B,C,,,S+,C,,S+,,,,S,C,,A,C,C,,N/A,S,,A
12/6/2024 0:19:46,2024 (This year),,,,,,,,,,,,,,,,,,,,,,,,,,,,,,,,,,,,,,,,,,,,,,,,,,,,,,,,,,,,,,,,,,,,,,,I don't know,,,,,,,,,,,,,,,,,,,,,,,,,No,,Manitou Singers,,B,A,B,B,C,,B,B,D,C,B,D,C,B,A,A,C,B,S,,Soprano 1,S,B,B
12/6/2024 0:28:11,2024 (This year),,,,,,,,,,,,,,,,,,,,,,,,,,,,,,,,,,,,,,,,,,,,,,,,,,,,,,,,,,,,,,,,,,,,,,,"STEM, Humanities",,,,,,,,,,,,,,,,,,,,,,,,,No,,Viking Chorus,,C,C,D,B,C,,S+,D,D,D,C,C,D,S,F,B,C,D,F,,Tenor 2,B,A,
12/6/2024 0:30:13,2024 (This year),,,,,,,,,,,,,,,,,,,,,,,,,,,,,,,,,,,,,,,,,,,,,,,,,,,,,,,,,,,,,,,,,,,,,,,Music - Vocal,,,,,,,,,,,,,,,,,,,,,,,,,No,,Manitou Singers,,,A,D,A,,,,B,D,,,,A,S+,B,S,S,C,S,,Soprano 1,S+,,
12/6/2024 0:51:48,2023 (Last year),,,,,,,,,,,,,,,,,,,,,,,,,,,,,,,,,,,,,,,,,,,,,,,,,,,,,Manitou Singers,Alto 1,D,S,A,S+,B,,C,,S,S+,,,,,,,Music - Vocal,,,,,A,S,S,S,,,,,,,D,C,A,S+,B,S+,A,,S+,S+,No,,Cantorei,,A,F,C,A,S,,S+,A,S,S,S,S+,B,S+,A,A,S,C,S+,,Soprano 2,S,B,S+
12/6/2024 7:14:35,2024 (This year),,,,,,,,,,,,,,,,,,,,,,,,,,,,,,,,,,,,,,,,,,,,,,,,,,,,,,,,,,,,,,,,,,,,,,,STEM,,,,,,,,,,,,,,,,,,,,,,,,,No,,St. Olaf Orchestra,,A,S+,A,B,S+,,S+,S,S+,A,A,S+,B,A,B,B,B,B,S+,,N/A,S+,S+,S+
12/6/2024 7:34:02,2024 (This year),,,,,,,,,,,,,,,,,,,,,,,,,,,,,,,,,,,,,,,,,,,,,,,,,,,,,,,,,,,,,,,,,,,,,,,STEM,,,,,,,,,,,,,,,,,,,,,,,,,No,,Manitou Singers,,A,A,C,B,S,,S,B,S,S,S,S,B,S,A,,S,C,S+,,Alto 2,S,S,A
12/6/2024 7:38:26,2024 (This year),,,,,,,,,,,,,,,,,,,,,,,,,,,,,,,,,,,,,,,,,,,,,,,,,,,,,,,,,,,,,,,,,,,,,,,Humanities,,,,,,,,,,,,,,,,,,,,,,,,,No,,Manitou Singers,,,S,A,S,,,,B,S,,,,B,B,S,B,C,A,S,,Soprano 2,A,,S+
12/6/2024 7:41:58,2024 (This year),,,,,,,,,,,,,,,,,,,,,,,,,,,,,,,,,,,,,,,,,,,,,,,,,,,,,,,,,,,,,,,,,,,,,,,Music - Other,,,,,,,,,,,,,,,,,,,,,,,,,No,,Manitou Singers,,S,A,B,B,A,,S+,S,S+,S+,S,S+,S,S+,C,A,A,B,S+,,Soprano 1,S,A,S+
12/6/2024 7:56:47,2024 (This year),,,,,,,,,,,,,,,,,,,,,,,,,,,,,,,,,,,,,,,,,,,,,,,,,,,,,,,,,,,,,,,,,,,,,,,Humanities,,,,,,,,,,,,,,,,,,,,,,,,,No,,Manitou Singers,,,B,B,S,,,,B,B,,,,C,S+,B,S+,S+,B,S+,,Alto 2,S+,,
12/6/2024 7:57:23,2024 (This year),,,,,,,,,,,,,,,,,,,,,,,,,,,,,,,,,,,,,,,,,,,,,,,,,,,,,,,,,,,,,,,,,,,,,,,STEM,,,,,,,,,,,,,,,,,,,,,,,,,No,,Manitou Singers,,,A,A,S,,,,C,A,,,S,D,S+,B,A,B,C,D,,Soprano 2,B,,
12/6/2024 8:01:26,2024 (This year),,,,,,,,,,,,,,,,,,,,,,,,,,,,,,,,,,,,,,,,,,,,,,,,,,,,,,,,,,,,,,,,,,,,,,,French,,,,,,,,,,,,,,,,,,,,,,,,,No,,Manitou Singers,,A,B,B,S+,A,,S+,A,A,S,B,S,S+,S+,S,S+,C,A,A,,Alto 1,S+,B,S+
12/6/2024 8:08:20,,,,,,,,,,,,,,,,,,,,,,,,,,,,,,,,,,,,,,,,,,,,,,,,,,,,,,,,,,,,,,,,,,,,,,,,,,,,,,,,,,,,,,,,,,,,,,,,,Yes,,Cantorei,,B,B,A,A,,,S,D,,,,,S,S,D,C,B,B,S+,,Bass 1,S+,,S+
12/6/2024 8:09:48,2024 (This year),,,,,,,,,,,,,,,,,,,,,,,,,,,,,,,,,,,,,,,,,,,,,,,,,,,,,,,,,,,,,,,,,,,,,,,"Music - Other, STEM",,,,,,,,,,,,,,,,,,,,,,,,,No,,Manitou Singers,,S,A,D,A,S,,S+,F,C,A,B,A,A,S+,B,S+,S,A,S,,Soprano 2,S+,A,
12/6/2024 8:12:30,2022,,,,,,,,,,,,,,,,,,,,,,,,,,,,,,,Manitou Singers,Alto 2,B,S+,A,B,S+,A,B,C,A,S+,S,S+,A,S+,S+,B,S+,S+,S+,S+,St. Olaf Orchestra,N/A,S+,S+,B,A,,,A,Form was great! Thanks for making this. ,B,A,,,,,,A,Nursing,,,THIS YEAR SLAPPED. Dona Nobis Pachem: Slapped. Psalm 50: SLAPS. Stay with us? carol of the stranger??? impecable. This year was so amazing. ,How do I express to you how much Glorification means to me? How do I express how many times a day I think about this song? How many times I've cried listening to the choir sing this? Amazing. Everything else was pretty good too!! Loved last year's rep. ,B,A,S,A,,,,,,,A,A,A,A,S+,S,A,,A,S,No,,St. Olaf Orchestra,"It's fine. It's not great, the mass choir pieces are kind of mid, unfortunately. The hymns are boring and the bach is just unexciting. I don't enjoy the rep this year unfortunately. ",A,B,B,C,A,,S+,C,A,C,A,B,A,B,B,C,S,B,S+,,N/A,S+,C,S+
12/6/2024 8:31:17,2024 (This year),,,,,,,,,,,,,,,,,,,,,,,,,,,,,,,,,,,,,,,,,,,,,,,,,,,,,,,,,,,,,,,,,,,,,,,Music - Other,,,,,,,,,,,,,,,,,,,,,,,,,No,,Manitou Singers,,A,S,B,A,B,,S+,B,A,B,,S,A,S+,A,S+,B,B,S,,Alto 1,S,B,S+
12/6/2024 8:51:38,2024 (This year),,,,,,,,,,,,,,,,,,,,,,,,,,,,,,,,,,,,,,,,,,,,,,,,,,,,,,,,,,,,,,,,,,,,,,,"STEM, Nursing",,,,,,,,,,,,,,,,,,,,,,,,,No,,Manitou Singers,,,A,,S+,,,,,S+,,,,B,,D,S,A,C,S+,,Alto 1,S+,,
12/6/2024 8:55:03,,,,,,,,,,,,,,,,,,,,,,,,,,,,,,,,,,,,,,,,,,,,,,,,,,,,,,,,,,,,,,,,,,,,,,,,,,,,,,,,,,,,,,,,,,,,,,,,,Yes,,St. Olaf Choir,,,C,F,D,A,,S+,B,B,A,S,S+,S,S+,A,S,S,F,B,,Tenor 2,S+,B,S+
12/6/2024 9:04:09,2024 (This year),,,,,,,,,,,,,,,,,,,,,,,,,,,,,,,,,,,,,,,,,,,,,,,,,,,,,,,,,,,,,,,,,,,,,,,"STEM, Nursing",,,,,,,,,,,,,,,,,,,,,,,,,No,,Manitou Singers,,,S,C,B,,,,A,S,,,,B,S+,B,S,B,B,A,,Alto 1,B,,
12/6/2024 9:14:19,2022,,,,,,,,,,,,,,,,,,,,,,,,,,,,,,,Viking Chorus,Tenor 2,S,B,C,S+,A,S,S+,B,S+,A,S,S,B,A,,A,S+,S,S,S,St. Olaf Choir,Bass 1,S,S,B,B,A,,B,,B,A,,,,,,A,"Music - Other, Fine Arts / Performing Arts",,,,,B,B,S,B,,,,,,,S,B,C,A,S,B,S,,C,B,No,,St. Olaf Choir,,C,B,C,B,B,,S+,D,D,B,A,A,A,A,A,S,B,B,A,,Bass 1,S,S,A
12/6/2024 9:15:14,2024 (This year),,,,,,,,,,,,,,,,,,,,,,,,,,,,,,,,,,,,,,,,,,,,,,,,,,,,,,,,,,,,,,,,,,,,,,,I don't know,,,,,,,,,,,,,,,,,,,,,,,,,No,,Viking Chorus,,A,A,C,C,S+,,S+,C,A,S+,S+,S+,A,S+,B,S,S,D,A,,Tenor 2,S+,A,S+
12/6/2024 9:18:33,2024 (This year),,,,,,,,,,,,,,,,,,,,,,,,,,,,,,,,,,,,,,,,,,,,,,,,,,,,,,,,,,,,,,,,,,,,,,,STEM,,,,,,,,,,,,,,,,,,,,,,,,,No,,Viking Chorus,,A,A,C,B,S,,A,S,A,A,A,A,S,S+,S+,S+,A,C,S+,,Bass 1,S+,S+,S
12/6/2024 9:19:22,2024 (This year),,,,,,,,,,,,,,,,,,,,,,,,,,,,,,,,,,,,,,,,,,,,,,,,,,,,,,,,,,,,,,,,,,,,,,,"Music - Other, Humanities",,,,,,,,,,,,,,,,,,,,,,,,,No,,Manitou Singers,,A,S,A,A,S,,S+,A,A,S+,S+,S,S,S+,B,A,S+,A,S,,Alto 2,S,S+,S
12/6/2024 9:20:24,2024 (This year),,,,,,,,,,,,,,,,,,,,,,,,,,,,,,,,,,,,,,,,,,,,,,,,,,,,,,,,,,,,,,,,,,,,,,,"Music - Other, STEM",,,,,,,,,,,,,,,,,,,,,,,,,No,,St. Olaf Orchestra,,D,D,A,F,F,,F,B,F,F,F,F,S,F,F,F,B,A,F,,N/A,F,F,S+
12/9/2024 9:06:08,,,,,,,,,,,,,,,,,,,,,,,,,,,,,,,,,,,,,,,,,,,,,,,,,,,,,,,,,,,,,,,"Senior here, I miss fest being longer! Everyone used to have 2 solo songs, I thought that would come back when we came back to Skog but they kept the Orchestra Hall length of the show. Maybe there was a good reason? And I hope I am remembering right, I just know that when I was in Manitou we sang Holy Child and a version of This Little Light. Its kinda crazy that Ole choir sings 3 entire songs and everyone else just sings one.",,,,,,,,,,,,,,,,,,,,,,,,,,,,,,,,,,Yes,,Cantorei,"Fest is pretty good this year but feels like underprepared/under-rehearsed? Idk how but from a Cantorei perspective we didn't start learning our solo song until early/mid November, like some people still don't know the words or the notes! And we go on tonight! And we didn't start the hyms until the mass choir rehearsal.",S+,A,S,A,S,,S+,A,S+,A,A,S+,S,A,A,S,S+,A,A,,Alto 1,S+,A,S+
12/6/2024 9:41:16,2024 (This year),,,,,,,,,,,,,,,,,,,,,,,,,,,,,,,,,,,,,,,,,,,,,,,,,,,,,,,,,,,,,,,,,,,,,,,STEM,,,,,,,,,,,,,,,,,,,,,,,,,No,,Manitou Singers,,,B,C,B,,,,S,S,,,,B,S,B,A,A,C,A,,Soprano 1,S+,,
12/6/2024 9:51:19,2024 (This year),,,,,,,,,,,,,,,,,,,,,,,,,,,,,,,,,,,,,,,,,,,,,,,,,,,,,,,,,,,,,,,,,,,,,,,Humanities,,,,,,,,,,,,,,,,,,,,,,,,,No,,St. Olaf Orchestra,,A,S,A,C,S+,,S+,C,S,B,C,C,A,S,B,A,S,D,C,,N/A,B,C,S+
12/6/2024 9:52:27,2024 (This year),,,,,,,,,,,,,,,,,,,,,,,,,,,,,,,,,,,,,,,,,,,,,,,,,,,,,,,,,,,,,,,,,,,,,,,I don't know,,,,,,,,,,,,,,,,,,,,,,,,,No,,Manitou Singers,,B,B,C,S,A,,S,C,B,A,A,A,A,S,B,S+,S,B,S,,Alto 1,S+,B,A
12/6/2024 9:59:39,,,,,,,,,,,,,,,,,,,,,,,,,,,,,,,,,,,,,,,,,,,,,,,,,,,,,,,,,,,,,,,,,,,,,,,,,,,,,,,,,,,,,,,,,,,,,,,,,Yes,,Chapel Choir,"Winds of hope isn't bad but the lyrics are so generic, they sound like they were chatGPT-ed",B,B,B,A,B,,S+,B,A,S,B,S,A,S+,S,A,C,A,S+,,Soprano 1,S,C,S+
12/6/2024 10:08:27,2024 (This year),,,,,,,,,,,,,,,,,,,,,,,,,,,,,,,,,,,,,,,,,,,,,,,,,,,,,,,,,,,,,,,,,,,,,,,"Music - Vocal, Education",,,,,,,,,,,,,,,,,,,,,,,,,No,,Manitou Singers,,,B,C,S,,,,B,A,,,S,S,B,S,A,S+,B,S,,Soprano 2,A,,
12/6/2024 10:08:49,2022,,,,,,,,,,,,,,,,,,,,,,,,,,,,,,,Manitou Singers,Alto 1,A,S+,B,B,C,C,D,C,D,A,C,C,B,A,S+,A,A,S+,B,A,Chapel Choir,Soprano 2,B,A,C,C,D,,A,,A,A,,,,,,A,Humanities,,,,,S,B,B,B,,,,,,,C,S,C,B,A,A,A,,B,B,No,,Chapel Choir,,A,C,C,C,C,,S,S,B,C,B,B,S,S+,C,B,D,C,B,,Soprano 2,S,S,A
12/6/2024 10:51:29,,,,,,,,,,,,,,,,,,,,,,,,,,,,,,,,,,,,,,,,,,,,,,,,,,,,,,,,,,,,,,,,,,,,,,,,,,,,,,,,,,,,,,,,,,,,,,,,,Yes,,St. Olaf Choir,,S,D,C,B,C,,S+,D,B,A,C,B,B,S,S,B,B,C,S,,Alto 1,B,S,S
12/6/2024 10:51:43,2024 (This year),,,,,,,,,,,,,,,,,,,,,,,,,,,,,,,,,,,,,,,,,,,,,,,,,,,,,,,,,,,,,,"We get to see the results from everyone, right?",,,,,,,,,Economics,,,,,,,,,,,,,,,,,,,,,,,,,No,,Viking Chorus,,A,S,D,B,C,,S,A,D,B,A,S,S+,C,B,S,A,D,A,,Tenor 2,S,A,A
12/6/2024 10:55:39,2024 (This year),,,,,,,,,,,,,,,,,,,,,,,,,,,,,,,,,,,,,,,,,,,,,,,,,,,,,,,,,,,,,,,,,,,,,,,Humanities,,,,,,,,,,,,,,,,,,,,,,,,,No,,Manitou Singers,,S,B,B,A,A,,A,B,A,B,A,A,B,A,A,A,A,B,A,,Alto 2,A,S,S+
12/6/2024 11:49:22,2024 (This year),,,,,,,,,,,,,,,,,,,,,,,,,,,,,,,,,,,,,,,,,,,,,,,,,,,,,,,,,,,,,,,,,,,,,,,"Education, German",,,,,,,,,,,,,,,,,,,,,,,,,No,,Manitou Singers,,A,A,A,S,A,,S+,S+,S+,A,A,S,S+,S+,S+,S+,S+,A,S+,,Alto 2,S+,S,S+
12/6/2024 12:45:03,2024 (This year),,,,,,,,,,,,,,,,,,,,,,,,,,,,,,,,,,,,,,,,,,,,,,,,,,,,,,,,,,,,,,,,,,,,,,,Humanities,,,,,,,,,,,,,,,,,,,,,,,,,No,,Manitou Singers,,,A,C,A,A,,,B,S,,,A,S,S,A,A,A,C,S+,,Soprano 1,A,A,S
12/6/2024 12:58:16,2024 (This year),,,,,,,,,,,,,,,,,,,,,,,,,,,,,,,,,,,,,,,,,,,,,,,,,,,,,,,,,,,,,,,,,,,,,,,"Music - Other, Chinese",,,,,,,,,,,,,,,,,,,,,,,,,No,,Viking Chorus,,,S,A,S,B,,A,B,A,A,,A,S+,S+,S,S,S,A,B,,Tenor 1,S,S+,S
12/6/2024 13:24:19,2024 (This year),,,,,,,,,,,,,,,,,,,,,,,,,,,,,,,,,,,,,,,,,,,,,,,,,,,,,,,,,,,,,,,,,,,,,,,Music - Vocal,,,,,,,,,,,,,,,,,,,,,,,,,No,,Manitou Singers,,B,C,C,S,B,,S,C,C,S,A,S,S,S+,A,S+,C,B,B,,Alto 1,S+,A,S+
12/6/2024 14:11:56,2024 (This year),,,,,,,,,,,,,,,,,,,,,,,,,,,,,,,,,,,,,,,,,,,,,,,,,,,,,,,,,,,,,,,,,,,,,,,STEM,,,,,,,,,,,,,,,,,,,,,,,,,No,,Chapel Choir,"Chapel, Ole, and Manitou carols were all S.",B,B,C,A,,,,A,,S+,,,B,A,S,B,F,B,S,,Bass 1,S+,,
12/6/2024 14:15:19,2024 (This year),,,,,,,,,,,,,,,,,,,,,,,,,,,,,,,,,,,,,,,,,,,,,,,,,,,,,,,,,,,,,,,,,,,,,,,I don't know,,,,,,,,,,,,,,,,,,,,,,,,,No,,Chapel Choir,,,A,C,A,,,,B,C,A,,,A,S+,B,S,S,C,B,,Alto 1,B,S,S
12/6/2024 14:36:04,2023 (Last year),,,,,,,,,,,,,,,,,,,,,,,,,,,,,,,,,,,,,,,,,,,,,,,,,,,,,Viking Chorus,Tenor 2,B,S,B,C,A,,S+,,C,S+,,,,,,,STEM,,,,,A,B,B,S+,,,,,,,D,D,D,D,S+,D,B,,S+,A,No,,St. Olaf Choir,,S+,B,D,A,S,,S+,D,B,S,S+,A,A,A,D,A,A,D,S,,Tenor 2,S+,B,S+
12/6/2024 15:06:22,2024 (This year),,,,,,,,,,,,,,,,,,,,,,,,,,,,,,,,,,,,,,,,,,,,,,,,,,,,,,,,,,,,,,,,,,,,,,,"STEM, Humanities, I don't know",,,,,,,,,,,,,,,,,,,,,,,,,No,,Viking Chorus,,,B,S,S,,,S,A,A,A,C,B,S,A,B,S,C,A,A,,Tenor 1,S,A,
12/6/2024 15:36:29,2024 (This year),,,,,,,,,,,,,,,,,,,,,,,,,,,,,,,,,,,,,,,,,,,,,,,,,,,,,,,,,,,,,,,,,,,,,,,I don't know,,,,,,,,,,,,,,,,,,,,,,,,,No,,Manitou Singers,,,S,B,S,,,,B,,,,,S+,S+,A,C,C,C,A,,Soprano 2,B,,
12/6/2024 16:09:28,2024 (This year),,,,,,,,,,,,,,,,,,,,,,,,,,,,,,,,,,,,,,,,,,,,,,,,,,,,,,,,,,,,,,,,,,,,,,,"Music - Vocal, Education",,,,,,,,,,,,,,,,,,,,,,,,,No,,Manitou Singers,,B,A,C,S,A,,S,B,S,A,B,A,S,S,D,S+,A,C,B,,Soprano 1,A,A,S+
12/6/2024 16:22:42,2024 (This year),,,,,,,,,,,,,,,,,,,,,,,,,,,,,,,,,,,,,,,,,,,,,,,,,,,,,,,,,,,,,,,,,,,,,,,Humanities,,,,,,,,,,,,,,,,,,,,,,,,,No,,Manitou Singers,"They did not introduce the procession and recession hymns soon enough. They should have swapped with O Holy Night, which is the most well known song as far as I am concerned.",,S,D,B,,,S,C,S+,,,,C,S+,B,A,B,D,S+,,Soprano 2,B,C,S
12/6/2024 16:24:47,2024 (This year),,,,,,,,,,,,,,,,,,,,,,,,,,,,,,,,,,,,,,,,,,,,,,,,,,,,,,,,,,,,,,N/A,,,,,,,,,Nursing,,,,,,,,,,,,,,,,,,,,,,,,,No,,St. Olaf Orchestra,N/A,S,S,S,S,S,,S,S,S,S,S+,S,S,S,S,S,S+,S+,S+,,N/A,S,S,S+
12/6/2024 23:30:59,2024 (This year),,,,,,,,,,,,,,,,,,,,,,,,,,,,,,,,,,,,,,,,,,,,,,,,,,,,,,,,,,,,,,,,,,,,,,,STEM,,,,,,,,,,,,,,,,,,,,,,,,,No,,Other (Audience member),,S+,B,C,C,A,,A,B,D,B,B,S,S,B,A,S+,S,B,S+,,Bass 1,S+,B,B
12/7/2024 2:16:54,2024 (This year),,,,,,,,,,,,,,,,,,,,,,,,,,,,,,,,,,,,,,,,,,,,,,,,,,,,,,,,,,,,,,,,,,,,,,,STEM,,,,,,,,,,,,,,,,,,,,,,,,,No,,Manitou Singers,,A,A,A,A,S,,S+,S,A,S,A,A,S+,S,A,A,S,A,S+,,Soprano 1,A,S,S
12/7/2024 9:23:30,2021 or before,St. Olaf Orchestra,N/A,S,,,B,S+,S+,,D,C,A,,,A,,,,,D,,,D,,,,F,,A,A,St. Olaf Orchestra,N/A,,,,S,,,,,,,,A,,S+,S+,,,,A,A,,,,,,,,,,,,,,,,,,,STEM,,,,,,,,,,,,,,,,,,,,,,,,,No,,St. Olaf Orchestra,,S,B,C,B,S,,S+,A,B,S,B,C,A,C,B,A,B,C,S+,,N/A,S,B,S+
12/8/2024 19:12:08,2024 (This year),,,,,,,,,,,,,,,,,,,,,,,,,,,,,,,,,,,,,,,,,,,,,,,,,,,,,,,,,,,,,,,,,,,,,,,STEM,,,,,,,,,,,,,,,,,,,,,,,,,No,,Manitou Singers,,,B,B,,,,S+,B,S,,,A,A,S,A,S,A,B,S+,,Soprano 1,S+,,S+
12/8/2024 19:52:32,2024 (This year),,,,,,,,,,,,,,,,,,,,,,,,,,,,,,,,,,,,,,,,,,,,,,,,,,,,,,,,,,,,,,,,,,,,,,,"Music - Vocal, Education",,,,,,,,,,,,,,,,,,,,,,,,,No,,Viking Chorus,,S+,A,A,S+,S,,S+,A,S,S,S,S+,S+,S,A,S+,S,S,S,,Bass 1,S+,S,S+
12/8/2024 20:03:31,2024 (This year),,,,,,,,,,,,,,,,,,,,,,,,,,,,,,,,,,,,,,,,,,,,,,,,,,,,,,,,,,,,,,,,,,,,,,,Music - Vocal,,,,,,,,,,,,,,,,,,,,,,,,,No,,Manitou Singers,,B,C,C,A,A,,S,C,D,C,B,A,B,A,B,B,A,C,S+,,Alto 2,B,C,A
12/8/2024 20:47:00,2024 (This year),,,,,,,,,,,,,,,,,,,,,,,,,,,,,,,,,,,,,,,,,,,,,,,,,,,,,,,,,,,,,,,,,,,,,,,I don't know,,,,,,,,,,,,,,,,,,,,,,,,,No,,Viking Chorus,,S+,S,B,A,S,,S+,C,B,A,S,S,S+,A,B,S+,S,A,S,,Tenor 2,S,S+,S
12/8/2024 20:57:10,2024 (This year),,,,,,,,,,,,,,,,,,,,,,,,,,,,,,,,,,,,,,,,,,,,,,,,,,,,,,,,,,,,,,None :),,,,,,,,,"Music - Vocal, Education",,,,,,,,,,,,,,,,,,,,,,,,,No,,Manitou Singers,HAD A GREAT TIMMEEE,A,B,C,A,B,,S+,C,S,S+,B,A,A,S+,S,A,A,B,A,,Soprano 2,S+,A,S+
12/8/2024 22:05:08,,,,,,,,,,,,,,,,,,,,,,,,,,,,,,,,,,,,,,,,,,,,,,,,,,,,,,,,,,,,,,,,,,,,,,,,,,,,,,,,,,,,,,,,,,,,,,,,,Yes,,Cantorei,,S,B,B,S,A,,S+,B,A,A,,A,S+,S+,A,S,S,B,S,,Soprano 2,S,A,S+
12/8/2024 22:05:13,2024 (This year),,,,,,,,,,,,,,,,,,,,,,,,,,,,,,,,,,,,,,,,,,,,,,,,,,,,,,,,,,,,,,,,,,,,,,,"Music - Vocal, Education",,,,,,,,,,,,,,,,,,,,,,,,,No,,Viking Chorus,,S+,S,A,S+,S+,,S+,S,A,A,S+,S+,S+,S+,S+,S+,S+,S,S+,,Bass 1,S+,S+,S+
12/8/2024 22:06:09,2024 (This year),,,,,,,,,,,,,,,,,,,,,,,,,,,,,,,,,,,,,,,,,,,,,,,,,,,,,,,,,,,,,,,,,,,,,,,STEM,,,,,,,,,,,,,,,,,,,,,,,,,No,,Manitou Singers,,S,B,C,B,A,,S+,B,A,S,A,S,S+,A,A,S+,S,B,S+,,Soprano 1,S+,B,S+
12/8/2024 22:06:40,2024 (This year),,,,,,,,,,,,,,,,,,,,,,,,,,,,,,,,,,,,,,,,,,,,,,,,,,,,,,,,,,,,,,,,,,,,,,,"STEM, Humanities",,,,,,,,,,,,,,,,,,,,,,,,,No,,Manitou Singers,,,S,B,S+,,,,,S,,,,S+,,B,S,C,S+,A,,Alto 1,S+,,
12/8/2024 22:06:50,,,,,,,,,,,,,,,,,,,,,,,,,,,,,,,,,,,,,,,,,,,,,,,,,,,,,,,,,,,,,,,,,,,,,,,,,,,,,,,,,,,,,,,,,,,,,,,,,Yes,,Chapel Choir,,A,A,C,S,B,,S+,C,B,S+,B,S,B,S+,B,S,B,C,S+,,Alto 2,S,B,S
12/8/2024 22:06:51,,,,,,,,,,,,,,,,,,,,,,,,,,,,,,,,,,,,,,,,,,,,,,,,,,,,,,,,,,,,,,,,,,,,,,,,,,,,,,,,,,,,,,,,,,,,,,,,,Yes,,St. Olaf Choir,,B,A,B,A,B,,S+,B,S+,C,B,S+,B,S+,S+,A,B,S+,A,,Tenor 1,S+,C,B
12/8/2024 22:08:03,2024 (This year),,,,,,,,,,,,,,,,,,,,,,,,,,,,,,,,,,,,,,,,,,,,,,,,,,,,,,,,,,,,,,,,,,,,,,,Humanities,,,,,,,,,,,,,,,,,,,,,,,,,No,,Manitou Singers,,,B,A,S+,A,,S+,S,C,D,D,B,A,S,S,S+,B,A,S+,,Soprano 1,S+,C,S+
12/8/2024 22:08:21,2024 (This year),,,,,,,,,,,,,,,,,,,,,,,,,,,,,,,,,,,,,,,,,,,,,,,,,,,,,,,,,,,,,,,,,,,,,,,STEM,,,,,,,,,,,,,,,,,,,,,,,,,No,,Manitou Singers,,A,B,B,S,S,,S+,B,B,S,S,A,B,S,B,S,S,C,S+,,Soprano 2,S+,A,S+
12/8/2024 22:14:52,2024 (This year),,,,,,,,,,,,,,,,,,,,,,,,,,,,,,,,,,,,,,,,,,,,,,,,,,,,,,,,,,,,,,,,,,,,,,,Humanities,,,,,,,,,,,,,,,,,,,,,,,,,No,,Manitou Singers,I think Cantorei lowkey stole the show.,A,B,B,A,A,,S+,D,S+,S,A,S,A,S+,A,S,S,A,S+,,Alto 2,S+,A,S+
12/8/2024 22:15:31,,,,,,,,,,,,,,,,,,,,,,,,,,,,,,,,,,,,,,,,,,,,,,,,,,,,,,,,,,,,,,,,,,,,,,,,,,,,,,,,,,,,,,,,,,,,,,,,,Yes,,St. Olaf Orchestra,"from an orchestra member: please, the music doesn't necessarily have to be enjoyble, but for the love of GOD make it correct. I swear we got a dozen errata Hark! alone.",A,D,F,C,S,,S,C,B,S,B,B,C,B,D,C,F,B,B,,N/A,A,B,S
12/8/2024 22:19:39,2024 (This year),,,,,,,,,,,,,,,,,,,,,,,,,,,,,,,,,,,,,,,,,,,,,,,,,,,,,,,,,,,,,,,,,,,,,,,I don't know,,,,,,,,,,,,,,,,,,,,,,,,,No,,Manitou Singers,,A,B,C,C,S,,S+,B,S,S,C,A,B,S+,A,S+,D,C,S+,,Alto 1,S,C,S
12/8/2024 22:24:46,2024 (This year),,,,,,,,,,,,,,,,,,,,,,,,,,,,,,,,,,,,,,,,,,,,,,,,,,,,,,,,,,,,,,,,,,,,,,,Music - Other,,,,,,,,,,,,,,,,,,,,,,,,,No,,Manitou Singers,,B,D,D,B,S,,S,C,B,S+,S,S+,S+,S,B,S,S,D,S+,,Alto 2,S,A,S+
12/8/2024 22:50:52,2024 (This year),,,,,,,,,,,,,,,,,,,,,,,,,,,,,,,,,,,,,,,,,,,,,,,,,,,,,,,,,,,,,,,,,,,,,,,"Music - Other, Psych",,,,,,,,,,,,,,,,,,,,,,,,,No,,Chapel Choir,,B,S,B,B,A,,S+,A,S,A,B,A,S+,A,B,C,C,C,S,,Soprano 2,A,S,S+
12/8/2024 23:30:48,,,,,,,,,,,,,,,,,,,,,,,,,,,,,,,,,,,,,,,,,,,,,,,,,,,,,,,,,,,,,,,,,,,,,,,,,,,,,,,,,,,,,,,,,,,,,,,,,Yes,,Cantorei,,A,C,C,A,B,,S+,C,B,S,B,A,A,B,A,A,C,C,S,,Bass 2,S,D,S+
12/8/2024 23:43:34,2024 (This year),,,,,,,,,,,,,,,,,,,,,,,,,,,,,,,,,,,,,,,,,,,,,,,,,,,,,,,,,,,,,,Put the list of what each tier means on the same page as the ratings (i kept having to go back to the first page to see which one i want to pick),,,,,,,,,I don't know,,,,,,,,,,,,,,,,,,,,,,,,,No,,Manitou Singers,"Tbh i was zoned out during the first orchestra song every time sry im so sleepy; Climb made me feel very vulnerable because we were so close to the audience; for Hark and o god our help i was not memorized until performance day 2; i really liked the dainty vibe of eit barn; the last verse of sleep Jesus sleep is so haunting holy schmidt; RRRing dinga dinga dinga DONG made me smile every time; nutcracker i love the wmp womp WOMP; CAROL COLLAGE EATS EVERY TIME NO NOTES ITS PERFECT i love Abbie betinis; my norsk great grandpa used to sing jeg er s√• glad to my grandma; anton‚Äôs look of approval is always such a relief; i can never not smile at the end of winds of hope; o holy night will always have a special place in my heart but i wish the alto part was a little bit more interesting, anyway i like yapping as you can tell, do with this what you will",,B,D,B,B,,A,C,B,A,B,A,B,S+,A,A,S,D,S,,Alto 2,A,B,A
12/8/2024 23:45:52,2024 (This year),,,,,,,,,,,,,,,,,,,,,,,,,,,,,,,,,,,,,,,,,,,,,,,,,,,,,,,,,,,,,,,,,,,,,,,"STEM, Humanities",,,,,,,,,,,,,,,,,,,,,,,,,No,,Manitou Singers,,S+,S,A,A,A,,S+,B,S,S,B,C,C,S+,C,A,S+,D,S+,,Soprano 1,S+,D,S+
12/8/2024 23:48:19,2024 (This year),,,,,,,,,,,,,,,,,,,,,,,,,,,,,,,,,,,,,,,,,,,,,,,,,,,,,,,,,,,,,,,,,,,,,,,Music - Vocal,,,,,,,,,,,,,,,,,,,,,,,,,No,,Viking Chorus,,S+,A,B,S+,S,,S+,S,D,B,C,S,S+,S+,B,S+,S+,A,S,,Tenor 1,A,S+,S+
12/9/2024 0:24:52,2024 (This year),,,,,,,,,,,,,,,,,,,,,,,,,,,,,,,,,,,,,,,,,,,,,,,,,,,,,,,,,,,,,,,,,,,,,,,STEM,,,,,,,,,,,,,,,,,,,,,,,,,No,,St. Olaf Orchestra,,C,B,A,C,B,,S,S,B,A,C,S+,S,A,C,B,B,A,S,,,S+,C,S+
12/9/2024 7:49:45,2024 (This year),,,,,,,,,,,,,,,,,,,,,,,,,,,,,,,,,,,,,,,,,,,,,,,,,,,,,,,,,,,,,,,,,,,,,,,STEM,,,,,,,,,,,,,,,,,,,,,,,,,No,,Manitou Singers,,B,B,A,S,A,,S+,S,A,B,B,A,S+,A,B,S,S,B,S,,Alto 1,S+,B,S+
12/9/2024 9:23:38,2024 (This year),,,,,,,,,,,,,,,,,,,,,,,,,,,,,,,,,,,,,,,,,,,,,,,,,,,,,,,,,,,,,,,,,,,,,,,Music - Vocal,,,,,,,,,,,,,,,,,,,,,,,,,No,,Manitou Singers,,S,A,B,A,B,,S+,A,A,A,B,A,A,S+,,S+,A,B,S+,,Soprano 2,S+,B,S+
12/9/2024 10:26:50,2024 (This year),,,,,,,,,,,,,,,,,,,,,,,,,,,,,,,,,,,,,,,,,,,,,,,,,,,,,,,,,,,,,,If you're taking feedback I wish we had started rehearsing Winds of Hope earlier - definitely one of the harder songs and I wish we had more time to work on it - others were a bit easier and could've been started later.,,,,,,,,,Humanities,,,,,,,,,,,,,,,,,,,,,,,,,No,,Manitou Singers,,A,B,B,A,S,,S+,A,S,S+,A,S,S,S,S,S+,A,B,S+,,Soprano 2,A,B,S+
12/9/2024 11:08:36,2023 (Last year),,,,,,,,,,,,,,,,,,,,,,,,,,,,,,,,,,,,,,,,,,,,,,,,,,,,,Manitou Singers,Soprano 1,A,S+,B,A,A,,A,,A,C,,,,,,,Music - Other,,,,it is hard to remember last years songs,C,B,A,S+,,,,,,,C,C,B,B,S,C,C,,A,A,No,,Chapel Choir,I liked these songs less than last years rep.,S+,C,B,A,B,,S+,C,A,S,S,S+,S,S,A,B,C,C,S,,Soprano 1,S,C,S
12/9/2024 12:01:38,2024 (This year),,,,,,,,,,,,,,,,,,,,,,,,,,,,,,,,,,,,,,,,,,,,,,,,,,,,,,,,,,,,,,,,,,,,,,,Music - Vocal,,,,,,,,,,,,,,,,,,,,,,,,,No,,Manitou Singers,,B,A,B,S,A,,S+,A,A,S,A,S+,S,A,C,S+,B,B,B,,Alto 2,S+,A,S
12/9/2024 13:08:36,2024 (This year),,,,,,,,,,,,,,,,,,,,,,,,,,,,,,,,,,,,,,,,,,,,,,,,,,,,,,,,,,,,,,,,,,,,,,,Music - Other,,,,,,,,,,,,,,,,,,,,,,,,,No,,St. Olaf Choir,,B,C,C,A,A,,S+,C,B,A,S,S,B,A,C,A,C,A,C,,Bass 2,S,D,S+
12/9/2024 16:45:33,2024 (This year),,,,,,,,,,,,,,,,,,,,,,,,,,,,,,,,,,,,,,,,,,,,,,,,,,,,,,,,,,,,,,,,,,,,,,,"Music - Other, STEM",,,,,,,,,,,,,,,,,,,,,,,,,No,,Manitou Singers,,S+,A,D,S,S,,S+,C,A,A,A,S,S,S,S,S+,S,F,S,,Soprano 2,S+,C,S+
12/9/2024 16:59:20,2024 (This year),,,,,,,,,,,,,,,,,,,,,,,,,,,,,,,,,,,,,,,,,,,,,,,,,,,,,,,,,,,,,,n/a,,,,,,,,,"Music - Vocal, Education",,,,,,,,,,,,,,,,,,,,,,,,,No,,Manitou Singers,n/a,S+,S,A,S+,S,,S+,A,S+,A,S,S+,S,S+,S,S+,S,B,S+,,Alto 1,S+,A,S+
12/9/2024 17:20:42,2024 (This year),,,,,,,,,,,,,,,,,,,,,,,,,,,,,,,,,,,,,,,,,,,,,,,,,,,,,,,,,,,,,,,,,,,,,,,Humanities,,,,,,,,,,,,,,,,,,,,,,,,,No,,Cantorei,,S+,B,C,A,B,,S+,B,B,A,B,A,A,S,B,A,F,C,S+,,Bass 1,S,A,S+
12/9/2024 17:21:13,2024 (This year),,,,,,,,,,,,,,,,,,,,,,,,,,,,,,,,,,,,,,,,,,,,,,,,,,,,,,,,,,,,,,,,,,,,,,,Humanities,,,,,,,,,,,,,,,,,,,,,,,,,No,,St. Olaf Orchestra,,S+,S,S,,,,S+,S,A,A,A,S,S+,A,A,A,S,A,S+,,N/A,A,A,S+
12/9/2024 19:09:28,2024 (This year),,,,,,,,,,,,,,,,,,,,,,,,,,,,,,,,,,,,,,,,,,,,,,,,,,,,,,,,,,,,,,,,,,,,,,,"Humanities, Foreign Language",,,,,,,,,,,,,,,,,,,,,,,,,No,,St. Olaf Orchestra,,S+,A,C,B,A,,S+,S,C,S+,C,S,S,S+,S,B,A,A,S+,,N/A,S+,C,S+
12/9/2024 19:13:25,2021 or before,Manitou Singers,Alto 1,A,B,B,,A,,,,A,S,,A,S+,F,,A,S,A,,S+,,A,,S+,B,,,,Chapel Choir,Alto 1,,,,A,,S,B,,,S,A,D,S,S+,S+,S+,S+,A,S,,St. Olaf Choir,Alto 1,S+,A,S,S+,S,,D,,A,S+,,,,,,,"Music - Vocal, Education",,,,,C,S+,S,S+,,,,,,,,,S+,S,,S+,B,,,,No,,St. Olaf Choir,,A,A,S,A,S,,S+,S,S+,B,B,S,F,D,S+,A,F,D,A,,Alto 1,,C,S+
12/10/2024 12:23:20,2024 (This year),,,,,,,,,,,,,,,,,,,,,,,,,,,,,,,,,,,,,,,,,,,,,,,,,,,,,,,,,,,,,,,,,,,,,,,"Music - Vocal, STEM",,,,,,,,,,,,,,,,,,,,,,,,,No,,Viking Chorus,,S,B,S,S+,S,,S+,A,A,S,A,B,A,A,A,S+,S,A,A,,Bass 2,S+,A,S+
12/10/2024 14:23:46,2024 (This year),,,,,,,,,,,,,,,,,,,,,,,,,,,,,,,,,,,,,,,,,,,,,,,,,,,,,,,,,,,,,,,,,,,,,,,STEM,,,,,,,,,,,,,,,,,,,,,,,,,No,,Manitou Singers,,S+,A,A,S,S,,S+,A,S,B,B,A,S,S,S,A,A,A,S,,Soprano 2,S,A,S
12/12/2024 18:52:54,2024 (This year),,,,,,,,,,,,,,,,,,,,,,,,,,,,,,,,,,,,,,,,,,,,,,,,,,,,,,,,,,,,,,,,,,,,,,,STEM,,,,,,,,,,,,,,,,,,,,,,,,,No,,Manitou Singers,,S+,A,B,B,A,,S+,B,A,A,B,S,B,A,B,S,A,A,S,,Alto 1,A,S,S+
12/12/2024 21:01:27,2024 (This year),,,,,,,,,,,,,,,,,,,,,,,,,,,,,,,,,,,,,,,,,,,,,,,,,,,,,,,,,,,,,,,,,,,,,,,"STEM, I don't know",,,,,,,,,,,,,,,,,,,,,,,,,No,,Viking Chorus,,A,A,A,B,A,,S+,B,C,A,B,S+,C,S+,C,S+,B,B,A,,Tenor 2,S+,B,S+