Timestamp,When was your first Christmas Festival?,What choir did you sing in?,What was your (main) voice part?,Love Divine p1 [Elgar- Variations on an Original Theme (Nimrod) (ORCH)],Love Divine p1 [In a Deep Unbounded Darkness- Aaspas],Love Divine p1 [ Carol of the Advent- JBobb],Love Divine p1 [God is Love (HYMN)],Love Divine p1 [Beethoven- Mount of Olives (Hallelujah)],Love Divine p1 [Rachmoninov- Vigil Op. 37 (OLE)],"Love Divine p1 [Lo, How a Rose E'er Blooming (VK)]",Love Divine part 2 [Llega la Navidad! (CAN)],Love Divine part 2 [Holy Child (MNT)],Love Divine part 2 [Silent Night (CHA)],Love Divine part 2 [God's Love Made Visible (HYMN)],Love Divine part 2 [Good Christian Friends Rejoice!],Love Divine part 2 [Christus Natus Est],"Love Divine part 2 [Go, Tell it On the Mountain (MNT)]",Love Divine part 3 [Love Came Down (CAN)],"Love Divine part 3 [God Rest Ye Merry, Gentlemen (VK)]",Love Divine part 3 [In Silent Night (OC)],Love Divine part 3 [Mary's Little Boy Chile (OC)],Love Divine part 3 [Gloria (CHA)],Love Divine part 3 [Past 3 o'Clock ],Love Divine part 3 [Angel's Dance (ORCH)],"Love Divine part 4
 [Carols for the Choirs (MED)]","Love Divine part 4
 [Angels we have Heard on High (HYMN)]","Love Divine part 4
 [Praise to the Lord]","Love Divine part 4
 [Light Dawns on a Weary World]","Love Divine part 4
 [Love Divine]","Love Divine part 4
 [Nunc Dimittis]","Love Divine part 4
 [Beautiful Saviour]",What choir did you sing in?,What was your (main) voice part?,Promise of Peace Part 1 [Noel / Symphonic Sketches (ORCH)],Promise of Peace Part 1 [Holst- The Heart Worships],Promise of Peace Part 1 [Awake! Awake! and Greet the New Morn (HYMN)],Promise of Peace Part 1 [Awake the Harp!],Promise of Peace Part 1 [The Song of Peace (OC)],Promise of Peace Part 1 [Keep your Lamps (VK)],Promise of Peace Part 1 [I will Make a Way (CHA)],Promise of Peace Part 2 [O Day of Peace (vv. 1 and 2)],Promise of Peace Part 2 [Earth strike Up your Music! (CAN)],Promise of Peace Part 2 [Hodie Christus Natus Est  (MNT)],Promise of Peace Part 2 [This Little Light of Mine (OC)],Promise of Peace Part 2 [Carol of the Bells (OC)],Promise of Peace Part 2 [Sir Chistemas ],Promise of Peace Part 2 [Overture- Nutcracker (ORCH)],Promise of Peace Part 3 [Carol of the Stranger (MED)],Promise of Peace Part 3 [It Came Upon a Midnight Clear (HYMN)],Promise of Peace Part 3 [Psalm 50],Promise of Peace Part 3 [Dona Nobis Pacem],Promise of Peace Part 3 [Stay with Us],Promise of Peace Part 3 [Beautiful Saviour],What choir do you sing in?,What is your (main) voice part?,"Love and Joy Come to You pt 1 
(tentative) [Glorification]","Love and Joy Come to You pt 1 
(tentative) [O Holy Night]","Love and Joy Come to You pt 1 
(tentative) [As the Dark Awaits the Dawn]","Love and Joy Come to You pt 1 
(tentative) [Jauchzet, Frohlocket]","Love and Joy Come to You pt 1 
(tentative) [In the Bleak Midwinter]","Love and Joy Come to You pt 1 
(tentative) [Love and Joy, Come to You?]","Love and Joy Come to You pt 1 
(tentative) [Welcome All Wonders]","FEEDBACK: Any thoughts, questions, or suggestions for this form?","Love and Joy Come to You pt 2 
 [Hodie, Christus Natus Est (CAN)]","Love and Joy Come to You pt 2 
 [O Magnum Mysterium (VIK)]","Love and Joy Come to You pt 2 
 [Beautiful Saviour]","Love and Joy Come to You pt 2 
 [Rejoice, Rejoice, Believers (HYMN)]","Love and Joy Come to You pt 2 
 [Love has Come (HYMN)]","Love and Joy Come to You pt 2 
 [Good Christian Friends, Rejoice (HYMN)]","Love and Joy Come to You pt 2 
 [Joy to the World (HYMN)]",Promise of Peace Part 3 [Hark the Herald Angels Sing],"In what category is your primary major, or intended major?",Score,Any other comments? (2021),"Any other comments?  (2022)
","Any other comments? (2023)
","Love and Joy Come to You pt 2 
 [Gloria (CHA)]","Love and Joy Come to You pt 2 
 [Summer in Winter Carol (OC)]","Love and Joy Come to You pt 2 
 [Corde Natus Est (OC)]","Love and Joy Come to You pt 2 
 [Glory, Hallelujah to the Newborn King (OC)]","Love and Joy Come to You pt 3
 [Hodie, Christus Natus Est (CAN)]","Love and Joy Come to You pt 3
 [Gloria (CHA)]","Love and Joy Come to You pt 3
 [Summer in Winter Carol (OC)]","Love and Joy Come to You pt 3
 [Corde Natus Est (OC)]","Love and Joy Come to You pt 3
 [Glory, Hallelujah to the Newborn King (OC)]","Love and Joy Come to You pt 3
 [Be Thou my Vision (?)]","Love and Joy Come to You pt 3
 [Rejoice, Rejoice, Believers (HYMN)]","Love and Joy Come to You pt 3
 [Love has Come (HYMN)]","Love and Joy Come to You pt 3
 [Good Christian Friends, Rejoice (HYMN)]","Love and Joy Come to You pt 3
 [Joy to the World (HYMN)]","Love and Joy Come to You pt 3
 [Beautiful Saviour]","Love and Joy Come to You pt 2 
 [Ogo Ni Fum Oluwa (MNT)]","Love and Joy Come to You pt 3
 [Love and Joy, Come to You (MED)]","Love and Joy Come to You pt 3
 [Be Thou my Vision (?)]","Love and Joy Come to You pt 2 
 [Lo How a Rose (ORCH)]","Love and Joy Come to You pt 2 
 [Winter Night (ORCH)]"
12/4/2023 22:32:26,2021 or before,Manitou Singers,Alto 2,S+,D,C,D,B,S+,B,A,S,B,A,C,S,C,D,C,C,A,S,F,A,B,B,S,C,C,S+,S,Cantorei,Alto 2,A,A,B,S,C,S,S+,D,S,B,A,S,F,S+,B,C,S+,S+,A,S,Cantorei,Alto 2,S+,A,C,A,B,B,S,,S+,A,S,A,C,B,B,C,STEM,,,,,B,D,A,S+,,,,,,,A,C,C,A,S,S,B,B,C,A
12/3/2023 14:58:57,2021 or before,Viking Chorus,Bass 1,S,B,C,D,A,S+,A,C,A,S,F,C,S,B,B,A,A,C,S,F,C,B,B,A,F,C,S+,S+,Cantorei,Bass 1,B,A,D,A,B,A,C,D,A,C,A,A,F,S,S,D,A,S,S,S+,Cantorei,Bass 1,A,S+,A,A,S,C,D,Red is not dead! ,A,B,S,A,C,B,A,A,"STEM, Humanities",,,More tiers!,,B,C,A,D,,,,,,,C,C,D,A,S,F,D,,A,B
12/3/2023 20:47:04,2021 or before,Manitou Singers,Soprano 2,S+,A,C,B,A,S,C,S,B,S+,C,C,S,F,B,B,S,S,S,C,B,A,B,S,S,A,S+,S+,Chapel Choir,Soprano 2,A,S,B,A,S,C,S,B,A,B,S+,S,F,S+,S+,A,S,S,S,S+,Chapel Choir,Soprano 2,A,S+,B,A,B,B,S,,C,B,S+,B,B,B,B,A,Humanities,,,,,S+,B,B,S,,,,,,,A,B,C,B,S+,S,A,,B,A
11/12/2023 13:59:27,2021 or before,Viking Chorus,Bass 2,B,A,S,D,A,B,S+,A,B,S+,D,F,S+,B,B,S,S+,A,B,D,C,B,C,S,C,B,S+,S+,Cantorei,Bass 2,B,B,C,A,B,S,B,B,S+,B,A,S+,S,B,B,C,C,S,S,S+,Cantorei,Bass 2,A,S+,S,B,B,B,B,Matthew Blake,S+,B,S+,C,C,C,A,A,Humanities,,x,x,x,B,B,B,B,,,,,,,,,,,,,,,,
11/15/2023 15:59:14,2022 (Last Year),,,,,,,,,,,,,,,,,,,,,,,,,,,,,,,Viking Chorus,Bass 2,B,B,S+,B,B,S,S+,S,S+,B,S+,S,S,S+,S+,B,B,B,A,S+,,,,,,,,,,,,,,,,,,A,"Music - Other, STEM",,,,,,,,,,,,,,,,,,,,,,,,
11/15/2023 15:59:46,2022 (Last Year),,,,,,,,,,,,,,,,,,,,,,,,,,,,,,,St. Olaf Orchestra,N/A,S,C,D,S,S+,S+,S+,S+,S+,F,S+,S+,B,S+,S+,B,C,S+,S,C,Chapel Choir,Alto 1,A,A,S+,C,S+,S+,D,,F,B,,,,,,D,"Music - Other, Fine Arts / Performing Arts",,,,,C,D,S,F,,,,,,,D,B,F,A,C,S+,C,S+,D,D
11/15/2023 15:59:58,2022 (Last Year),,,,,,,,,,,,,,,,,,,,,,,,,,,,,,,Viking Chorus,Bass 2,A,B,A,S+,S,S,S+,A,S,A,B,S,S,S+,S,A,S+,S+,S,S,Cantorei,Bass 2,A,S,A,S,S,S,A,,S,B,,,,,,S,Music - Other,,,,,B,B,B,B,,,,,,,B,B,B,A,S,B,A,B,B,B
11/15/2023 16:00:57,2021 or before,St. Olaf Orchestra,N/A,S+,B,B,A,S,S+,B,S+,B,B,A,B,S,C,B,A,S,A,S+,B,S+,S,C,A,S+,S+,S+,S+,St. Olaf Orchestra,N/A,A,B,B,A,A,S+,A,B,A,S,S,S,B,S+,S,B,S,S+,A,S+,St. Olaf Orchestra,N/A,,,,S,,S,B,,,,,,,,,B,"Music - Other, Fine Arts / Performing Arts",,,,,,,,,,,,,,,A,A,B,S,S+,,,,A,S
11/15/2023 16:01:37,2021 or before,St. Olaf Choir,Tenor 1,S+,S+,B,A,B,S+,S+,S,B,A,S+,A,F,B,B,A,S+,C,B,S+,S+,S,B,B,D,S,B,B,St. Olaf Choir,Tenor 1,A,A,B,B,B,A,D,B,S+,S,B,B,S+,S+,S+,B,B,B,B,B,St. Olaf Choir,Tenor 1,A,B,S,A,S,B,B,,S+,,,,,,,B,Music - Vocal,,,,,,S,S,A,,,,,,,B,B,S,A,C,,B,,S+,
11/15/2023 16:02:16,2022 (Last Year),,,,,,,,,,,,,,,,,,,,,,,,,,,,,,,Manitou Singers,Alto 1,B,C,D,A,S+,A,C,D,D,S+,S+,S+,B,S+,S+,A,S+,S+,S,S,St. Olaf Choir,Alto 2,S,B,B,B,B,A,A,,,,,,,,,B,"Music - Vocal, Education",,,,,,S+,S+,S+,,,,,,,B,A,A,B,S,,A,A,,
11/15/2023 16:03:11,2021 or before,St. Olaf Choir,Soprano 1,S+,A,B,B,B,S+,B,A,B,S,B,A,A,S,B,B,S+,A,A,A,S+,B,A,S+,S+,B,S,S+,St. Olaf Choir,Soprano 1,C,B,A,B,S,A,S+,B,A,S,S+,S+,B,S+,S+,A,S+,S,A,S+,St. Olaf Choir,Soprano 1,S+,A,B,A,A,A,A,,A,A,,,,,,A,Music - Vocal,,SO GOOODDDD,,,B,A,S+,S+,,,,,,,B,B,S,A,S+,A,A,S+,S+,S+
11/15/2023 16:05:08,2022 (Last Year),,,,,,,,,,,,,,,,,,,,,,,,,,,,,,,Manitou Singers,Soprano 1,A,S+,B,A,S+,S,S+,B,S,A,A,B,S,S+,S+,S,S,S,S+,S+,St. Olaf Choir,Soprano 1,S,S,S,B,B,A,A,,,,,,,,,A,Music - Vocal,,,,,,A,S,S+,,,,,,,,,,,S+,,,,,
11/15/2023 16:05:22,2021 or before,Cantorei,Alto 2,S+,S,A,S,A,S+,S,S+,A,S+,A,A,S+,C,S,B,S,A,A,S+,A,A,S,S+,A,S,S,S+,Cantorei,Alto 2,S,B,S,A,A,A,B,A,A,A,B,B,B,S+,A,B,A,S,S+,S+,Cantorei,Alto 2,A,S,S,S+,S+,S,B,I hate the idea of having fest at orchestra hall again. It was a cool experience but not worth having it there two years in a row. ,S+,A,,,,,,S,Humanities,,,Not as fun as '21,I haven't heard any of the choir's solo songs outside of cantorei's so I put those all as A since i'm sure they'll be good.,A,A,A,A,,,,,,,A,S,S+,A,S+,A,S,S+,A,A
11/15/2023 16:10:50,2023 (This year),,,,,,,,,,,,,,,,,,,,,,,,,,,,,,,,,,,,,,,,,,,,,,,,,,,,,Viking Chorus,Bass 2,S,B,S+,A,A,B,C,,,S,,,,,,,"Music - Other, STEM",,,,,,,,,,,,,,,,S,A,C,A,,,B,,
11/15/2023 16:11:42,2021 or before,Manitou Singers,Alto 2,B,S+,S+,C,S+,S+,A,B,F,B,B,A,D,F,S+,C,S,S+,C,S+,C,B,B,S+,D,B,B,S+,Cantorei,Alto 2,A,S+,F,S,B,D,F,B,S+,D,A,F,A,S+,B,S+,D,D,S+,S+,Cantorei,Alto 2,F,S+,F,S,S+,B,F,"haven't heard other choirs pieces, how judge????? ",S+,D,,,,,,B,"Music - Vocal, Humanities",,,,,C,C,C,C,,,,,,,F,C,B,A,S+,F,B,A,S+,S+
11/15/2023 16:13:07,2022 (Last Year),,,,,,,,,,,,,,,,,,,,,,,,,,,,,,,St. Olaf Orchestra,Tenor 2,B,B,C,B,S,A,A,B,A,B,S,A,D,S,S,B,B,B,A,A,St. Olaf Orchestra,Tenor 2,A,B,A,C,C,C,D,,,,,,,,,B,Music - Other,,,,,A,,,,,,,,,,C,,C,B,A,,C,,C,
11/15/2023 16:20:29,2021 or before,Viking Chorus,Bass 1,S+,A,D,D,A,S+,S,C,B,S,B,A,S+,C,B,B,A,A,S,C,A,C,B,A,A,A,S+,S,St. Olaf Orchestra,N/A,S,S+,A,S,D,C,S,A,B,A,B,F,F,S,C,C,C,B,S+,S,Other (Audience member),N/A,A,S,B,S+,S+,C,B,,B,B,,,,,,C,"STEM, Humanities",,,,,B,B,B,C,,,,,,,S,B,A,B,S,A,C,S,S,S
11/15/2023 16:24:50,2023 (This year),,,,,,,,,,,,,,,,,,,,,,,,,,,,,,,,,,,,,,,,,,,,,,,,,,,,,Manitou Singers,Alto 1,S+,S+,S+,A,S,S,S,,,,,,,,,,"Music - Vocal, Education",,,,,,,,,,,,,,,S,S,S+,,S+,S,S,S+,,
11/15/2023 16:30:58,2023 (This year),,,,,,,,,,,,,,,,,,,,,,,,,,,,,,,,,,,,,,,,,,,,,,,,,,,,,Manitou Singers,Alto 2,S,S+,S,A,S,A,S,,,,,,,,,,"Music - Vocal, Education",,,,,,,,,,,,,,,A,A,A,A,S,S,A,S,,
11/15/2023 16:34:21,2021 or before,Manitou Singers,Alto 2,S+,A,A,B,S+,A,A,F,S+,S+,B,B,S+,S,A,A,A,S,S,B,S+,S+,B,S+,A,A,S,S+,Chapel Choir,Alto 2,S,A,C,C,B,B,S+,B,A,B,A,S,C,S+,S+,A,S+,S+,A,S+,Chapel Choir,Alto 2,S+,S+,S+,C,S+,S+,C,,,,,,,,,A,STEM,,,,,A,,,,,,,,,,,,,,S+,,,,,
11/15/2023 16:37:44,2023 (This year),,,,,,,,,,,,,,,,,,,,,,,,,,,,,,,,,,,,,,,,,,,,,,,,,,,,,Manitou Singers,Soprano 2,C,A,A,F,B,A,A,,,,,,,,,,Music - Other,,,,,,,,,,,,,,,A,,,,S,A,A,,,
11/15/2023 16:49:59,2023 (This year),,,,,,,,,,,,,,,,,,,,,,,,,,,,,,,,,,,,,,,,,,,,,,,,,,,,,Manitou Singers,Soprano 2,S,A,S,S,B,S+,A,,,,,,,,,,I don't know,,,,,,,,,,,,,,,,,,,S+,S,,,,
11/15/2023 16:51:44,2023 (This year),,,,,,,,,,,,,,,,,,,,,,,,,,,,,,,,,,,,,,,,,,,,,,,,,,,,,Manitou Singers,Soprano 2,S+,A,S+,S,S+,S,S+,,,,,,,,,,STEM,,,,,,,,,,,,,,,S,S,S,S,S+,S+,S,,,
11/15/2023 17:25:29,2023 (This year),,,,,,,,,,,,,,,,,,,,,,,,,,,,,,,,,,,,,,,,,,,,,,,,,,,,,Chapel Choir,Tenor 1,A,S+,B,S,B,C,B,,,,,,,,,,"Music - Other, STEM",,,,,A,,,,,,,,,,,,,,A,,,,,
11/15/2023 19:00:27,2023 (This year),,,,,,,,,,,,,,,,,,,,,,,,,,,,,,,,,,,,,,,,,,,,,,,,,,,,,Manitou Singers,Soprano 1,S+,S+,S+,S+,S+,S+,S+,"A little hard to track what S+, S A etc",,,,,,,,,Sociology/Anthropology,,,,nope,,,,,,,,,,,,,,,S+,S+,,,,
11/15/2023 19:03:22,2021 or before,Manitou Singers,Soprano 1,B,A,A,B,S+,A,C,C,A,A,C,C,S+,A,C,C,A,A,C,B,B,B,A,S+,S+,C,A,S+,Cantorei,Soprano 1,A,S,C,A,,B,A,B,A,C,A,A,A,S+,A,C,S+,S+,A,S+,Cantorei,Soprano 1,S+,S+,C,D,A,A,S+,,B,,,,,,,S,Humanities,,,,,,,,,,,,,,,,,,,,,,,,
11/15/2023 19:33:44,2021 or before,St. Olaf Orchestra,N/A,B,,S,,S+,F,D,S+,,,,,,S,S,,A,,,S+,F,,S+,,,,S+,S+,St. Olaf Orchestra,N/A,S,,,,,,,,,,S+,,,S+,,S,,,D,,St. Olaf Orchestra,,B,,,S+,,F,F,,,,,,,,,S,Music - Other,,,,,,,,,,,,,,,,,,,,,,,F,A
11/15/2023 19:33:47,2021 or before,Manitou Singers,Alto 1,S,S,C,C,S+,S+,A,S,A,S,B,C,S+,D,A,A,S+,S+,S,S+,A,S,B,S,C,B,S+,S,St. Olaf Choir,Alto 1,A,A,B,S,S+,A,B,B,S+,B,S,B,B,B,S+,S,S+,S,B,S,St. Olaf Choir,Alto 1,S+,S,A,S,S,A,A,,,,,,,,,B,STEM,,,,,,A,S+,S+,,,,,,,,,,,S,,A,,,
11/15/2023 19:46:04,2021 or before,Manitou Singers,Alto 1,S+,S,B,C,B,B,B,B,A,S,S,C,S+,S+,B,B,B,S+,A,A,S+,A,B,A,S+,A,B,B,St. Olaf Choir,Alto 2,A,B,C,B,A,S+,S+,B,S,S+,A,S+,A,S+,S+,B,A,A,A,A,Cantorei,,S+,B,D,B,D,C,D,,A,,,,,,,B,"Music - Vocal, Education",,,,,,,,,,,,,,,,,,,,,,,,
11/15/2023 19:48:57,2021 or before,Chapel Choir,Alto 2,S,A,C,D,D,S,A,B,A,S+,D,F,S+,B,B,A,S+,B,S+,C,A,A,B,S+,S+,B,S+,S+,Chapel Choir,Alto 2,S+,S+,C,C,S,A,S,B,B,A,B,C,B,S+,S+,C,S+,C,S+,S+,Chapel Choir,Alto 2,S,S+,S+,A,S,B,F,,,S,,,,,,S,Music - Other,,"BANGER year. Of the three I've been in, this has the most songs that I want to sing again.",Carol of the Stranger was my fave this year,,S,,,,,,,,,,F,F,F,S,S+,,S,S+,S+,S+
11/15/2023 19:54:19,2022 (Last Year),,,,,,,,,,,,,,,,,,,,,,,,,,,,,,,Viking Chorus,Tenor 2,C,B,B,A,A,C,S,C,C,C,A,S+,C,S+,S,B,A,S,S,S+,Cantorei,Tenor 2,A,A,S,C,A,B,D,,B,C,,,,,,B,STEM,,,,,C,S,S,S,,,,,,,C,C,C,B,S+,B,B,C,A,S
11/15/2023 19:56:07,2021 or before,St. Olaf Orchestra,N/A,S+,,,,,,,,,A,,,,S,,,A,,,A,,,A,,,S,,S,St. Olaf Orchestra,N/A,,,,,,,,,,,,,,S+,,,,,,,St. Olaf Orchestra,N/A,,,,,,,,,,,,,,,,,"Music - Other, Humanities, Fine Arts / Performing Arts",,,,,,,,,,,,,,,,,,,,,,,,
11/15/2023 20:24:46,2023 (This year),,,,,,,,,,,,,,,,,,,,,,,,,,,,,,,,,,,,,,,,,,,,,,,,,,,,,St. Olaf Orchestra,N/A,,B,,B,B,B,C,,,,,,,,,,Nursing,,,,,,,,,,,,,,,S,S,S,S+,S+,,B,S+,D,B
11/15/2023 20:26:03,2021 or before,Manitou Singers,Soprano 2,S+,A,A,C,B,B,B,B,A,B,C,C,S+,S+,B,A,B,S+,A,C,S,S+,C,S+,S,C,S+,S+,Chapel Choir,Soprano 2,S,A,C,D,C,A,S+,C,C,C,C,S+,S+,S+,S+,C,S+,S+,C,S+,St. Olaf Choir,Soprano 2,S+,S,S+,D,D,S+,S+,,F,B,,,,,,C,"Music - Vocal, Education",,,,,F,S+,S+,S+,,,,,,,C,C,C,S+,S+,B,S+,B,S+,S+
11/15/2023 20:33:24,2023 (This year),,,,,,,,,,,,,,,,,,,,,,,,,,,,,,,,,,,,,,,,,,,,,,,,,,,,,Manitou Singers,Soprano 1,S+,S,B,A,C,C,B,,,,,,,,,,"Music - Vocal, Fine Arts / Performing Arts, Education",,,,,,,,,,,,,,,C,C,C,C,S,A,B,C,,
11/15/2023 20:48:06,2023 (This year),,,,,,,,,,,,,,,,,,,,,,,,,,,,,,,,,,,,,,,,,,,,,,,,,,,,,Manitou Singers,Soprano 2,B,A,B,A,B,S,C,,,,,,,,,,STEM,,,,,,,,,,,,,,,C,,,,S,B,A,A,,
11/15/2023 20:56:44,2022 (Last Year),,,,,,,,,,,,,,,,,,,,,,,,,,,,,,,Viking Chorus,Bass 2,A,A,S,S,A,S+,A,B,S,A,A,S+,D,S+,S+,S,S,S,A,S+,Cantorei,Bass 2,S,S+,B,C,A,S,C,It was difficult to rate the songs we haven't heard from other choirs this year.,A,B,,,,,,S+,"STEM, Humanities",,,N/A,N/A,B,B,B,A,,,,,,,S,S,S+,S+,S+,C,S+,S+,S,S
11/15/2023 20:59:45,2023 (This year),,,,,,,,,,,,,,,,,,,,,,,,,,,,,,,,,,,,,,,,,,,,,,,,,,,,,Manitou Singers,Soprano 1,S,S+,A,A,B,A,B,,,,,,,,,,STEM,,,,,,,,,,,,,,,A,A,A,A,A,B,A,A,,
11/15/2023 21:52:47,2021 or before,St. Olaf Choir,Soprano 2,S+,B,C,C,D,S+,,,,,D,D,A,,,,S+,A,,B,,C,B,S,B,C,A,S,St. Olaf Choir,Soprano 2,,B,D,D,A,,,D,,,B,S+,D,,A,C,A,C,B,S,St. Olaf Choir,Soprano 1,A,S+,B,C,D,C,D,,,,,,,,,C,Music - Other,,,,,,C,S+,S+,,,,,,,,,,,S,,C,,,
11/15/2023 22:58:00,2023 (This year),,,,,,,,,,,,,,,,,,,,,,,,,,,,,,,,,,,,,,,,,,,,,,,,,,,,,Manitou Singers,Alto 2,S,S,A,C,B,B,A,,A,A,,,,,,,Education,,,,,B,A,A,A,,,,,,,A,A,A,A,S,A,A,A,A,A
11/16/2023 0:34:27,2022 (Last Year),,,,,,,,,,,,,,,,,,,,,,,,,,,,,,,Manitou Singers,Soprano 2,,,A,S+,D,B,A,,B,S+,B,A,A,,S+,D,S+,B,,C,Chapel Choir,Alto 1,S,D,D,B,,A,C,,,,,,,,,D,"Humanities, Education",,,,Fest this year is remarkably mid,A,,,,,,,,,,F,D,F,A,B,,A,,,
11/16/2023 8:23:17,2021 or before,St. Olaf Orchestra,N/A,S+,S,S,S,S,S+,S,S,S,S+,S,A,S+,S,S+,S,S+,B,S,S,S+,S,S+,S,S,S+,S+,S,St. Olaf Orchestra,N/A,S+,S,S,S,S,S+,S,S,S,S,A,S+,S,S+,S,S+,A,S,S+,S,St. Olaf Orchestra,N/A,,S,,,,,B,,S,S,,,,,,S,Music - Other,,,,,S,S,S,S,,,,,,,S,A,S,S,S,S,S,S,B,S
11/16/2023 9:01:04,2023 (This year),,,,,,,,,,,,,,,,,,,,,,,,,,,,,,,,,,,,,,,,,,,,,,,,,,,,,Viking Chorus,Bass 1,S,D,A,S+,S+,S,B,,,S+,,,,,,,"Music - Vocal, Education",,,,"Dr Bob or the powers that be cut out six pages of tenor bass melody in O Holy Night, thats why i gave it a D",,,,,,,,,,,,,,,S+,,,,,
11/16/2023 10:10:14,2021 or before,Manitou Singers,Alto 2,S+,S,A,B,A,B,C,C,B,S+,C,C,S+,B,C,C,A,D,B,S,B,B,B,A,B,B,A,A,St. Olaf Choir,Alto 2,B,B,B,A,S,D,C,C,B,A,S,A,F,S+,S,B,A,A,A,A,St. Olaf Choir,Alto 2,B,S+,A,C,A,A,A,"for this section specifically maybe specify that we shouldn't rate songs that are from other choirs, also love and joy come to you is listed twice",,,,,,,,B,Nursing,,Liked this one better than 2022,I think there's a general consensus that this wasn't a very good christmas fest repertoire wise,,,A,S,B,,,,,,,,,,,A,,A,,,
11/16/2023 10:47:20,2021 or before,St. Olaf Orchestra,N/A,S+,C,C,B,C,A,A,B,C,S,C,B,C,B,C,A,A,A,B,A,S,B,B,S,B,B,C,S,St. Olaf Orchestra,N/A,S,C,C,C,C,B,B,C,C,B,B,A,C,S+,C,B,A,B,C,S,St. Olaf Orchestra,N/A,C,B,C,A,B,A,D,,C,C,,,,,,B,"Music - Other, Education",,,,,C,C,C,C,,,,,,,B,A,B,B,S,C,A,B,A,S
11/16/2023 10:50:09,2021 or before,Manitou Singers,Soprano 1,S+,S,B,C,C,S+,C,S+,A,S+,C,C,S+,C,C,C,S+,S+,S+,B,B,S+,B,S+,S+,B,A,S+,St. Olaf Choir,Soprano 1,S+,B,B,C,S,S,S+,B,A,B,S+,S,A,S+,S+,A,S+,B,B,S+,St. Olaf Choir,Soprano 1,S,S,B,D,D,D,B,,B,B,,,,,,B,Nursing,,,,,B,A,A,S+,,,,,,,C,C,C,C,S+,B,C,C,B,B
11/16/2023 10:50:41,2023 (This year),,,,,,,,,,,,,,,,,,,,,,,,,,,,,,,,,,,,,,,,,,,,,,,,,,,,,Manitou Singers,Alto 2,S,S,S+,A,,B,B,,,,,,,,,,Music - Vocal,,,,,,,,,,,,,,,B,B,B,B,B,S+,,,,
11/16/2023 12:33:20,2022 (Last Year),,,,,,,,,,,,,,,,,,,,,,,,,,,,,,,Chapel Choir,Alto 2,S,S,B,A,,,,B,,,,,B,S,S+,B,S+,S+,S,S+,Chapel Choir,Alto 2,S+,S,S,A,S+,S+,A,,,,,,,,,S,"Music - Other, Humanities",,,,,A,,,,,,,,,,B,B,B,A,S+,,S+,,,
11/16/2023 12:39:59,2023 (This year),,,,,,,,,,,,,,,,,,,,,,,,,,,,,,,,,,,,,,,,,,,,,,,,,,,,,Manitou Singers,Soprano 2,A,A,S,C,A,C,B,,,,,,,,,,"Music - Vocal, Education",,,,,,,,,,,,,,,B,B,B,B,A,D,B,B,,
11/16/2023 16:54:52,2021 or before,Manitou Singers,Alto 1,B,B,B,A,A,B,B,S,A,S+,B,C,S+,,C,B,B,S+,B,B,A,B,C,A,A,B,B,S,Chapel Choir,Alto 1,C,B,C,A,B,A,S+,B,B,B,B,S,S,S+,S,B,S,S+,S,S,Chapel Choir,Alto 1,A,A,B,A,A,B,A,"Given Jonathan's email just now, I don't think we'll be performing Be Thou my Vision. Also, I didn't give any of the solo pieces ratings (excluding CHA) because I haven't heard them performed yet.",,,,,,,,B,Humanities,,I maintain that this was the best Fest program I've sung so far,,I'm the most blah about this program so far,A,,,,,,,,,,B,B,C,B,S,,B,,,
11/16/2023 19:12:30,2023 (This year),,,,,,,,,,,,,,,,,,,,,,,,,,,,,,,,,,,,,,,,,,,,,,,,,,,,,Chapel Choir,Alto 2,S,B,S,S+,B,B,S,,,,,,,,,,"Music - Vocal, Music - Other",,,,,C,S,,,,,,,,,,,,,S+,,S,,S+,S
11/16/2023 23:42:41,2021 or before,Manitou Singers,Alto 1,S+,C,A,B,S,S,,B,B,S,C,B,S+,S,C,S,B,S,S+,S,S+,S+,S,S+,S+,S,S+,S+,Chapel Choir,Alto 1,S+,B,B,S+,B,S,S,C,S+,S,C,A,B,S+,S+,A,S+,S,A,S+,Chapel Choir,Alto 1,S+,S+,A,S+,A,,B,,,,,,,,,A,"STEM, Humanities",,,,,S+,,,,,,,,,,B,B,B,S,S+,,S+,S+,,
11/18/2023 15:47:52,2021 or before,Manitou Singers,Soprano 1,B,B,C,C,S,S+,A,S+,A,A,B,A,S,A,A,B,S,A,S,A,S+,B,B,A,S,B,A,B,St. Olaf Choir,Soprano 1,B,B,A,A,S,A,A,B,A,A,C,S,B,S+,B,B,S,S,B,B,St. Olaf Choir,Soprano 1,S,B,B,C,B,A,A,,,,,,,,,B,STEM,,,,,,A,S+,B,,,,,,,B,B,B,B,B,,A,,,
11/21/2023 22:08:23,2023 (This year),,,,,,,,,,,,,,,,,,,,,,,,,,,,,,,,,,,,,,,,,,,,,,,,,,,,,Manitou Singers,Soprano 2,S+,S+,A,S+,S+,A,S+,,,,,,,,,,Fine Arts / Performing Arts,,,,,,,,,,,,,,,B,A,S+,S+,S+,S,S,S+,,
11/21/2023 22:10:21,2022 (Last Year),,,,,,,,,,,,,,,,,,,,,,,,,,,,,,,Manitou Singers,Soprano 1,B,A,C,S,S,S,S+,C,D,A,A,B,B,S,S+,A,S+,S+,S,S+,Cantorei,Soprano 1,S,C,C,A,B,D,S+,,S+,B,,,,,,A,Music - Other,,,carol of the atranger sweeps whatever this years carol collage is,cantorei piece ü•∞ü•∞ü•∞ü•∞ü•∞,B,B,B,B,,,,,,,C,C,C,A,S+,B,B,B,A,B
11/21/2023 22:11:28,2023 (This year),,,,,,,,,,,,,,,,,,,,,,,,,,,,,,,,,,,,,,,,,,,,,,,,,,,,,Manitou Singers,Soprano 1,S+,S+,S,A,A,S,A,,,,,,,,,,"STEM, Fine Arts / Performing Arts",,,,,,,,,,,,,,,A,,,,S+,S+,A,,,
11/21/2023 22:12:31,2023 (This year),,,,,,,,,,,,,,,,,,,,,,,,,,,,,,,,,,,,,,,,,,,,,,,,,,,,,Manitou Singers,Soprano 2,A,A,S+,C,S+,S,F,,,,,,,,,,"Music - Other, Humanities",,,,,,,,,,,,,,,B,A,C,A,A,A,A,,,
11/21/2023 22:12:35,2022 (Last Year),,,,,,,,,,,,,,,,,,,,,,,,,,,,,,,Manitou Singers,Soprano 2,S,A,S+,S,,,,S,S,B,,,C,,B,S,S+,S+,S,S+,Cantorei,Soprano 1,S,S+,S,B,A,A,B,,S,,,,,,,S+,STEM,,,,,,,,,,,,,,,S,S,,A,S+,,A,S,,
11/21/2023 22:14:49,2022 (Last Year),,,,,,,,,,,,,,,,,,,,,,,,,,,,,,,Viking Chorus,Bass 1,A,B,A,A,C,A,S+,D,C,B,C,C,D,S+,S+,C,S,S+,D,A,St. Olaf Choir,Bass 2,A,B,D,C,F,B,S+,,,,,,,,,A,Music - Other,,,,,,C,S,S+,,,,,,,C,C,C,B,A,,B,,,
11/21/2023 22:17:29,2023 (This year),,,,,,,,,,,,,,,,,,,,,,,,,,,,,,,,,,,,,,,,,,,,,,,,,,,,,Manitou Singers,Alto 1,A,S,S,B,S,B,C,,,,,,,,,,"STEM, Humanities, Psychology ",,,,,,,,,,,,,,,B,,,B,A,A,B,,,
11/21/2023 22:23:29,2023 (This year),,,,,,,,,,,,,,,,,,,,,,,,,,,,,,,,,,,,,,,,,,,,,,,,,,,,,Viking Chorus,Bass 1,S,S+,B,C,A,B,B,,,S,,,,,,,Music - Other,,,,,,,,,,,,,,,A,B,B,C,A,,A,,,
11/21/2023 22:31:29,2023 (This year),,,,,,,,,,,,,,,,,,,,,,,,,,,,,,,,,,,,,,,,,,,,,,,,,,,,,Manitou Singers,Soprano 1,S+,S+,A,S,A,A,B,,,,,,,,,,STEM,,,,,,,,,,,,,,,C,C,D,A,A,B,A,C,,
11/21/2023 22:33:34,2022 (Last Year),,,,,,,,,,,,,,,,,,,,,,,,,,,,,,,Viking Chorus,Bass 1,A,A,B,B,A,S,S,B,B,B,B,A,B,A,S+,B,S+,S+,S,S+,St. Olaf Choir,Bass 1,S,S+,A,A,B,C,S,,B,,,,,,,A,Music - Vocal,,,,,,S,S+,S+,,,,,,,B,A,B,B,S+,,B,,,
11/21/2023 22:46:16,2023 (This year),,,,,,,,,,,,,,,,,,,,,,,,,,,,,,,,,,,,,,,,,,,,,,,,,,,,,Manitou Singers,Alto 1,S+,A,A,D,A,C,S+,,B,B,,,,,,,I don't know,,,,,B,B,B,B,,,,,,,B,B,B,A,S,B,A,B,B,B
11/21/2023 22:50:31,2022 (Last Year),,,,,,,,,,,,,,,,,,,,,,,,,,,,,,,Manitou Singers,Soprano 1,,A,B,S+,,,,,,A,,,B,,,,A,B,,B,Chapel Choir,Alto 1,S,A,B,A,B,,B,,,,,,,,,A,STEM,,,,,S,,,,,,,,,,C,,,,A,,A,,,
11/21/2023 23:02:10,2022 (Last Year),,,,,,,,,,,,,,,,,,,,,,,,,,,,,,,Manitou Singers,Alto 1,A,S+,A,A,,,,B,,D,,,D,,S+,A,A,A,S,S,Cantorei,Soprano 2,C,S,S+,D,S+,S,C,,A,,,,,,,B,Nursing,,,,,,,,,,,,,,,,,,,S,,A,,,
11/21/2023 23:13:42,2023 (This year),,,,,,,,,,,,,,,,,,,,,,,,,,,,,,,,,,,,,,,,,,,,,,,,,,,,,Manitou Singers,Soprano 2,S+,S,S+,S,S+,S+,S+,Nope!,,,,,,,,,Music - Other,,,,No! Just very happy I get to be apart of Fest this year!,,,,,,,,,,,S+,S,S+,S+,S+,S+,S+,,,
11/21/2023 23:30:59,2023 (This year),,,,,,,,,,,,,,,,,,,,,,,,,,,,,,,,,,,,,,,,,,,,,,,,,,,,,Viking Chorus,,S+,S+,A,C,B,B,C,,,S+,,,,,,,"Music - Other, Fine Arts / Performing Arts",,,,,,,,,,,,,,,,,,,S+,,,,,
11/21/2023 23:50:02,2023 (This year),,,,,,,,,,,,,,,,,,,,,,,,,,,,,,,,,,,,,,,,,,,,,,,,,,,,,Manitou Singers,Alto 1,S+,S,B,B,B,B,D,,,,,,,,,,I don't know,,,,,,,,,,,,,,,,,,,S,A,,,,
11/21/2023 23:58:42,2023 (This year),,,,,,,,,,,,,,,,,,,,,,,,,,,,,,,,,,,,,,,,,,,,,,,,,,,,,Viking Chorus,Bass 2,S+,A,B,S+,C,S,D,,,S+,,,,,,,STEM,,,,,,,,,,,,,,,B,B,D,B,A,,A,A,,
11/22/2023 0:11:23,2023 (This year),,,,,,,,,,,,,,,,,,,,,,,,,,,,,,,,,,,,,,,,,,,,,,,,,,,,,Viking Chorus,Tenor 2,S+,A,C,A,A,A,S,It seems we've only practiced Pt. 1,,,,,,,,,"STEM, Humanities",,,,I just wish we had kept the original lyrics on Glorification ,,,,,,,,,,,S,A,C,B,D,,A,A,,
11/22/2023 0:22:15,2023 (This year),,,,,,,,,,,,,,,,,,,,,,,,,,,,,,,,,,,,,,,,,,,,,,,,,,,,,Viking Chorus,Bass 1,S,C,B,A,B,B,F,such confusing questions. please test the survey before sending it out. ,,S+,,,,,,,Humanities,,,,,,,,,,,,,,,B,B,D,C,S,,S+,,,
11/22/2023 0:41:51,2021 or before,Chapel Choir,Bass 1,S+,A,C,C,D,B,B,D,D,S+,C,B,A,D,D,C,B,C,S+,B,S+,B,C,B,B,C,S+,S+,Other (Audience member),N/A,,,,,,,,,,,S+,,,,,,,,,S+,Chapel Choir,Bass 1,S+,A,S,D,C,C,B,,,,,,,,,,"STEM, Education",,,,2021 was the best!,A,,,,,,,,,,C,C,B,B,S+,,,,,
11/22/2023 7:14:45,2022 (Last Year),,,,,,,,,,,,,,,,,,,,,,,,,,,,,,,Manitou Singers,Soprano 1,A,B,B,S+,S,S,S,B,A,A,S,A,C,S+,A,B,S,B,A,S+,Chapel Choir,Soprano 1,S,S+,B,A,A,B,S,Hard to know about the other choirs songs especially since we don‚Äôt know which versions they are singing (2023),A,A,,,,,,B,STEM,,,,,S,A,A,A,,,,,,,B,B,B,B,S,A,B,B,A,S
11/22/2023 7:15:00,2023 (This year),,,,,,,,,,,,,,,,,,,,,,,,,,,,,,,,,,,,,,,,,,,,,,,,,,,,,Manitou Singers,Soprano 2,S,A,S+,F,A,S+,B,,,,,,,,,,STEM,,,,,,,,,,,,,,,B,,,A,A,A,,,,
11/22/2023 7:51:50,2022 (Last Year),,,,,,,,,,,,,,,,,,,,,,,,,,,,,,,Manitou Singers,Soprano 2,S,C,C,A,S,S,S+,B,B,A,B,A,C,A,S,B,S+,S+,A,S+,Chapel Choir,Soprano 2,S+,A,A,C,B,B,F,,A,S,,,,,,C,Humanities,,,,,S,S,S,S,,,,,,,D,C,D,D,S+,S,B,,S,S
11/22/2023 8:05:25,2023 (This year),,,,,,,,,,,,,,,,,,,,,,,,,,,,,,,,,,,,,,,,,,,,,,,,,,,,,Manitou Singers,Soprano 1,S,S,B,C,B,C,B,,,,,,,,,,Humanities,,,,,,,,,,,,,,,C,,,,S,D,C,,,
11/22/2023 8:24:18,2023 (This year),,,,,,,,,,,,,,,,,,,,,,,,,,,,,,,,,,,,,,,,,,,,,,,,,,,,,Manitou Singers,Alto 2,S,S+,A,B,B,A,B,,,,,,,,,,STEM,,,,,,,,,,,,,,,,,,,,S,,,,
11/22/2023 8:40:29,2023 (This year),,,,,,,,,,,,,,,,,,,,,,,,,,,,,,,,,,,,,,,,,,,,,,,,,,,,,St. Olaf Orchestra,N/A,S+,A,S,S+,A,A,S,,S+,A,,,,,,,"STEM, Fine Arts / Performing Arts",,,,,A,A,S+,S+,,,,,,,A,A,S+,S+,S,A,S,A,S+,S+
11/22/2023 9:56:04,2023 (This year),,,,,,,,,,,,,,,,,,,,,,,,,,,,,,,,,,,,,,,,,,,,,,,,,,,,,Viking Chorus,Bass 1,S,S+,S,S,S,S,A,,,S,,,,,,,Economics ,,,,,,,,,,,,,,,,,,,,,,,,
11/22/2023 11:08:50,2021 or before,Manitou Singers,Soprano 1,S+,S+,S,B,A,S+,A,A,S,S+,B,B,S+,A,A,A,S+,B,S+,S+,S+,B,B,S+,S,B,A,S+,St. Olaf Choir,Soprano 2,A,A,B,S,S,A,A,B,S+,S,A,S+,B,S+,S+,B,S+,S+,A,S+,St. Olaf Choir,Soprano 2,S+,A,A,A,A,A,S,,,,,,,,,B,Music - Vocal,,,,i think this fest is better than last years‚Äô music overall,,S+,S+,S+,,,,,,,B,B,B,B,S+,,B,,,
11/22/2023 11:58:04,2021 or before,Manitou Singers,Alto 1,A,S,A,C,B,B,C,S,A,S,B,B,S,A,A,A,B,A,B,B,A,A,A,C,A,C,S,S,Cantorei,Alto 1,S,B,B,A,A,S,B,B,S,A,B,A,D,B,S+,S,S,A,S,S,Cantorei,Alto 1,S,S,A,D,A,B,A,,S,B,,,,,,A,"STEM, Humanities",,,,"The change from 2021 to 2022 and 2023 in the number of songs that each choir gets has been frustrating. Yes, Ole Choir does have more rehearsal time than the rest of the choirs, but three songs versus one seems particularly unfair.",A,A,B,B,,,,,,,B,B,B,A,S,B,B,B,S,A
11/22/2023 12:10:52,2023 (This year),,,,,,,,,,,,,,,,,,,,,,,,,,,,,,,,,,,,,,,,,,,,,,,,,,,,,Manitou Singers,Alto 1,S+,A,S,A,A,S,A,,,,,,,,,,STEM,,,,,,,,,,,,,,,A,A,A,A,S,S,S,,,
11/22/2023 12:19:00,2022 (Last Year),,,,,,,,,,,,,,,,,,,,,,,,,,,,,,,Manitou Singers,Soprano 1,S,S+,B,A,S,C,C,B,D,B,A,A,B,S+,S+,D,S,S,B,S+,St. Olaf Choir,Soprano 1,S,C,C,C,D,D,S,,D,D,,,,,,D,"Music - Vocal, Education",,,,,D,S,S+,S+,,,,,,,D,D,D,D,S+,D,D,D,D,D
11/22/2023 12:46:17,2023 (This year),,,,,,,,,,,,,,,,,,,,,,,,,,,,,,,,,,,,,,,,,,,,,,,,,,,,,Manitou Singers,Alto 1,S+,B,S+,A,C,S,A,"Less White Composers, More minority representation  ",,,,,,,,,Education,,,,,,,,,,,,,,,S,,,,S+,S+,,,,
11/22/2023 12:50:36,2023 (This year),,,,,,,,,,,,,,,,,,,,,,,,,,,,,,,,,,,,,,,,,,,,,,,,,,,,,Manitou Singers,Soprano 1,A,B,S+,S,S,B,F,,,,,,,,,,Humanities,,,,,,,,,,,,,,,,,,,A,C,,,,
11/22/2023 12:51:44,2022 (Last Year),,,,,,,,,,,,,,,,,,,,,,,,,,,,,,,Manitou Singers,Soprano 1,,,C,A,,,,,,A,,,C,,S+,,S,S+,A,S+,Chapel Choir,Soprano 2,S,A,B,F,B,S,F,,,,,,,,,B,STEM,,,,,C,,,,,,,,,,C,,,B,S+,,,,,
11/22/2023 13:02:43,2023 (This year),,,,,,,,,,,,,,,,,,,,,,,,,,,,,,,,,,,,,,,,,,,,,,,,,,,,,Manitou Singers,Alto 1,S+,S,A,S,S+,,S,,,,,,,,,,Humanities,,,,,,,,,,,,,,,B,B,B,B,S+,C,,,,
11/22/2023 13:59:53,2021 or before,Manitou Singers,Soprano 2,S+,B,B,C,B,C,D,D,F,A,C,A,S,F,F,C,B,A,S+,A,S+,A,A,S+,S+,B,S+,S+,Cantorei,Soprano 2,S,B,A,S,C,B,C,C,D,B,A,S+,B,A,B,A,S+,S,B,S+,Chapel Choir,Soprano 1,S+,S+,B,B,A,B,B,,,,,,,,,S,"STEM, Languages",,,,,B,,,,,,,,,,,,A,S,S+,,,,,
11/22/2023 14:41:15,2023 (This year),,,,,,,,,,,,,,,,,,,,,,,,,,,,,,,,,,,,,,,,,,,,,,,,,,,,,Manitou Singers,Alto 1,S+,S,S,A,S+,A,S,,A,A,,,,,,,STEM,,,,,A,A,A,A,,,,,,,B,B,A,B,S+,A,B,A,A,A
11/22/2023 22:23:51,2021 or before,Chapel Choir,Soprano 1,C,B,C,B,A,C,A,C,B,A,B,B,S,A,B,A,A,A,S+,A,A,A,B,A,A,A,S+,S+,Chapel Choir,Soprano 2,B,B,A,S,B,S,S+,B,C,A,S+,S+,S,S+,A,A,S+,A,S,S+,St. Olaf Choir,Soprano 2,S+,S+,S,S,A,A,S+,,B,A,,,,,,A,Music - Vocal,,,,,S+,S+,S,S+,,,,,,,B,B,B,A,S+,A,B,B,A,A
11/23/2023 14:03:44,2023 (This year),,,,,,,,,,,,,,,,,,,,,,,,,,,,,,,,,,,,,,,,,,,,,,,,,,,,,Viking Chorus,Tenor 2,C,F,D,A,C,B,S,,,B,,,,,,,I don't know,,,,,,,,,,,,,,,A,S,C,A,D,,,S+,,
11/23/2023 19:30:12,2023 (This year),,,,,,,,,,,,,,,,,,,,,,,,,,,,,,,,,,,,,,,,,,,,,,,,,,,,,Viking Chorus,Bass 1,S,S+,A,S,B,A,A,,S,S+,,,,,,,Music - Vocal,,,,,A,S+,S+,S+,,,,,,,S,B,B,S+,S+,A,S,B,S+,S+
11/27/2023 21:09:59,2021 or before,Cantorei,Bass 2,S,B,B,C,S,S,B,A,B,S,B,C,S,A,S,C,S,S+,S,B,B,B,C,A,S,C,S,S,Cantorei,Bass 2,A,B,C,A,A,S,S,B,B,B,B,B,D,S,B,C,S,C,A,S,Cantorei,Bass 2,A,C,B,A,B,C,A,,S,B,,,,,,C,Nursing,,,,,B,B,B,B,,,,,,,C,C,B,C,S,B,B,A,B,B
11/24/2023 9:29:21,2021 or before,Cantorei,Alto 1,A,A,A,B,B,B,B,B,A,A,B,B,A,A,B,B,A,B,A,S,B,A,B,B,B,A,A,A,Cantorei,Alto 1,A,A,A,A,A,A,A,B,S,B,S,S,B,A,A,B,S,A,S,S,Cantorei,Tenor 1,S,A,A,A,A,A,S,,A,A,,,,,,A,Humanities,,,,,A,A,A,A,,,,,,,A,A,A,A,A,A,A,A,A,A
11/24/2023 20:09:00,2023 (This year),,,,,,,,,,,,,,,,,,,,,,,,,,,,,,,,,,,,,,,,,,,,,,,,,,,,,Cantorei,Soprano 2,A,S,B,D,C,D,A,,S,,,,,,,,Humanities,,,,,,,,,,,,,,,B,A,A,S,S+,,A,,,
11/24/2023 20:47:26,2023 (This year),,,,,,,,,,,,,,,,,,,,,,,,,,,,,,,,,,,,,,,,,,,,,,,,,,,,,Manitou Singers,Alto 2,S+,S,B,S,A,B,A,,,,,,,,,,Humanities,,,,,,,,,,,,,,,A,,A,S,S,S,B,A,,
11/24/2023 21:14:12,2022 (Last Year),,,,,,,,,,,,,,,,,,,,,,,,,,,,,,,Manitou Singers,Soprano 2,B,A,S,S+,S,S+,S+,C,A,A,S+,A,B,S+,S+,B,S,S+,S,A,St. Olaf Choir,Soprano 2,S,S+,S+,S+,A,A,S,I like how thorough this form is! Including the past Christmas fests was a fun detail. ,S,S,,,,,,B,"Music - Vocal, Education",,,"I was very sick during Christmas fest last year, so my memory is a little foggy ","This fest hasn‚Äôt happened yet, and I haven‚Äôt heard a lot of the other ensembles‚Äô pieces ",S,S,A,S+,,,,,,,S,A,B,A,A,S+,A,A,S,S
11/25/2023 10:08:58,2023 (This year),,,,,,,,,,,,,,,,,,,,,,,,,,,,,,,,,,,,,,,,,,,,,,,,,,,,,,Alto 1,S+,A,A,A,,B,B,,B,B,,,,,,,STEM,,,,,B,B,B,B,,,,,,,A,A,A,A,S,S+,A,A,B,B
11/25/2023 13:37:15,2022 (Last Year),,,,,,,,,,,,,,,,,,,,,,,,,,,,,,,Manitou Singers,Soprano 2,A,S,A,S,A,B,A,,S,C,D,B,C,A,S,A,A,S,S+,S+,Cantorei,Alto 2,B,S,A,A,S,A,B,,B,,,,,,,B,Humanities,,,,,,,,,,,,,,,B,B,B,S,S+,,B,,,
11/25/2023 15:03:01,2023 (This year),,,,,,,,,,,,,,,,,,,,,,,,,,,,,,,,,,,,,,,,,,,,,,,,,,,,,Viking Chorus,Bass 2,S+,S+,S+,S+,S+,S+,B,,,S+,,,,,,,"Music - Vocal, Education",,,,,,,,,,,,,,,S+,S+,S+,S+,S+,,S+,,,
11/25/2023 15:35:57,2023 (This year),,,,,,,,,,,,,,,,,,,,,,,,,,,,,,,,,,,,,,,,,,,,,,,,,,,,,Manitou Singers,Alto 2,S,B,S,B,A,S,A,,,,,,,,,,Music - Vocal,,,,,,,,,,,,,,,,,,,S+,C,,,,
11/25/2023 23:49:19,2022 (Last Year),,,,,,,,,,,,,,,,,,,,,,,,,,,,,,,Manitou Singers,Alto 2,B,A,D,A,B,A,S,D,A,F,A,S,F,S+,S+,D,A,A,S,S,Chapel Choir,Alto 1,S,S+,S,D,S,S,D,,,,,,,,,D,I don't know,,,,,C,,,,,,,,,,D,,B,C,S,,S,,,
11/26/2023 14:11:34,2023 (This year),,,,,,,,,,,,,,,,,,,,,,,,,,,,,,,,,,,,,,,,,,,,,,,,,,,,,Manitou Singers,Alto 1,S+,S+,S,S,S,B,A,,,,,,,,,,"Music - Other, Education, Music Education (Instrumental)",,,,,,,,,,,,,,,B,B,B,A,A,S,A,,,
11/26/2023 16:44:28,2023 (This year),,,,,,,,,,,,,,,,,,,,,,,,,,,,,,,,,,,,,,,,,,,,,,,,,,,,,Viking Chorus,Bass 1,S,S+,S,C,B,A,A,,,,,,,,,,STEM,,,,,,,,,,,,,,,,,,,,,,,,
11/26/2023 23:30:20,2022 (Last Year),,,,,,,,,,,,,,,,,,,,,,,,,,,,,,,Viking Chorus,Bass 1,A,B,A,S,S,S+,S+,A,B,B,S,A,S,S,S+,A,S,S+,S+,S+,St. Olaf Choir,Bass 1,S,A,B,A,B,B,S+,"Provide links to the individual's songs as many people have not heard them and there are a lot of different arrangements of each of those pieces, so provide some way to listen to them.",,,,,,,,S,"Music - Vocal, Education",,,,,,A,S+,S+,,,,,,,B,B,C,A,S+,,A,,,
11/27/2023 0:55:12,2023 (This year),,,,,,,,,,,,,,,,,,,,,,,,,,,,,,,,,,,,,,,,,,,,,,,,,,,,,Viking Chorus,Tenor 1,S+,A,B,A,B,B,S,,,S+,,,,,,,Fine Arts / Performing Arts,,,,,,,,,,,,,,,B,A,C,A,A,,A,B,,
11/27/2023 9:31:56,2022 (Last Year),,,,,,,,,,,,,,,,,,,,,,,,,,,,,,,Viking Chorus,Bass 1,B,C,B,A,A,S,S,B,S,C,S+,B,C,,S+,B,S+,S,S,S+,Chapel Choir,Bass 1,S+,S,A,A,S,B,A,,,,,,,,,B,Education,,,,,S,,,,,,,,,,B,B,B,B,S+,,B,,,
11/27/2023 10:47:52,2023 (This year),,,,,,,,,,,,,,,,,,,,,,,,,,,,,,,,,,,,,,,,,,,,,,,,,,,,,Manitou Singers,Alto 1,S+,S,A,B,A,S+,A,,,,,,,,,,Nursing,,,,,,,,,,,,,,,A,A,B,S,S+,B,B,C,,
11/27/2023 17:20:01,2022 (Last Year),,,,,,,,,,,,,,,,,,,,,,,,,,,,,,,Manitou Singers,Alto 2,A,A,C,A,B,B,S+,B,S,B,B,S+,C,S,S,A,A,S+,C,S+,Cantorei,Alto 2,S+,A,B,A,A,S,S+,,S+,A,,,,,,D,"STEM, Humanities",,,,,A,A,A,A,,,,,,,C,C,C,A,S+,A,S,B,A,A
11/27/2023 20:10:46,2021 or before,Manitou Singers,Alto 1,S+,S,A,A,B,C,B,A,S,S+,A,A,A,B,B,B,B,A,A,B,A,A,A,C,B,B,A,A,Cantorei,Alto 1,B,B,A,D,C,D,S,B,A,D,B,A,F,A,S+,A,B,A,A,A,Cantorei,Alto 1,B,S,A,B,S,A,B,"We haven't heard all of the songs yet, hence why some of the individual choir pieces are left blank. ",A,,,,,,,A,"STEM, Humanities",,"The best year thus far! Great songs, S tier vibes",A better balance across choirs would have been nice (aka not have OC with 4 songs and all the other choirs have 1).,"Pretty good, better than 2022, not as good as 2021.",,,A,,,,,,,,B,B,B,A,A,,A,A,,
11/27/2023 21:13:28,2021 or before,Cantorei,Tenor 1,S+,A,B,S,S,A,C,B,B,S+,A,C,A,A,A,B,B,A,S,B,S+,S,C,A,S,A,A,S,Cantorei,Tenor 1,A,A,B,B,B,B,A,S,S+,A,A,B,C,S+,S+,B,A,A,A,S,Cantorei,Tenor 1,A,S,B,C,B,B,B,,S,,,,,,,C,"Music - Other, Education",,,,,,,,,,,,,,,B,A,B,A,A,,B,,,
11/27/2023 21:17:26,2022 (Last Year),,,,,,,,,,,,,,,,,,,,,,,,,,,,,,,Manitou Singers,Alto 2,,A,A,B,,S,S,,,C,B,S+,A,S+,S+,A,A,S+,S,S,Chapel Choir,Tenor 1,B,S+,A,D,A,D,S,,,,,,,,,A,Humanities,,,Carol of the Stranger was so much better than this year‚Äôs ‚Äúcarol‚Äù medley,The choral pieces this year are extremely dull,A,,,,,,,,,,C,C,B,B,S,,D,,,
11/27/2023 21:18:57,2023 (This year),,,,,,,,,,,,,,,,,,,,,,,,,,,,,,,,,,,,,,,,,,,,,,,,,,,,,Viking Chorus,Tenor 1,A,B,S,B,C,C,S,,,A,,,,,,,STEM,,,,,,,,,,,,,,,C,A,A,B,B,,B,A,,
11/27/2023 21:20:27,2023 (This year),,,,,,,,,,,,,,,,,,,,,,,,,,,,,,,,,,,,,,,,,,,,,,,,,,,,,St. Olaf Orchestra,N/A,,,,S+,,S+,B,,,,,,,,,,"Music - Other, STEM",,,,,,,,,,,,,,,S+,S,S,S+,S+,,,,,
11/27/2023 21:27:57,2021 or before,Viking Chorus,Bass 1,S,A,,C,B,A,S,A,B,S+,A,C,S+,A,B,A,B,A,B,C,B,A,A,A,A,B,S+,S,Cantorei,Bass 1,A,A,A,A,B,S,S,B,S+,B,S,A,D,S+,S,A,S,S+,A,S,Cantorei,Bass 1,S,A,A,B,A,A,B,,A,,,,,,,A,Humanities,,,,Can't answer truthfully about the solo choir pieces I have not heard,,,,,,,,,,,B,A,A,B,S,,,,,
11/27/2023 21:27:58,2021 or before,Chapel Choir,Bass 1,S,S,S,S+,S+,A,S,S,S,S+,A,A,S,B,S+,A,S,S,S+,S,S+,S+,S,S+,S,S,S+,S+,Chapel Choir,Bass 1,A,S,S,S+,A,A,S,S,S+,A,A,S,S,A,S+,S,S+,S+,S+,S+,Chapel Choir,Bass 1,S+,S+,S,S,S+,A,S+,,,,,,,,,A,Humanities,,"If it were possible to give ""Silent Night"" (the Chapel piece) a higher rating, I would.",,,S,S,,,,,,,,,S,S,A,A,S+,,S,,,
11/27/2023 21:37:29,2021 or before,Viking Chorus,Bass 2,B,C,,C,S,S,A,B,C,A,D,C,S+,C,B,B,S,B,C,B,C,A,A,A,S,B,S+,B,St. Olaf Choir,Bass 2,C,A,C,B,A,A,S,D,C,B,C,B,C,S+,S,B,B,A,D,B,St. Olaf Choir,Bass 2,B,A,C,B,A,B,S,,,,,,,,,B,"Music - Vocal, STEM",,,,,,B,A,S+,,,,,,,C,B,B,A,B,,B,,,
11/27/2023 21:39:53,2022 (Last Year),,,,,,,,,,,,,,,,,,,,,,,,,,,,,,,Manitou Singers,Soprano 2,A,S,S+,S,A,A,A,A,A,A,S,S,A,S+,S+,S,S,A,S+,S,Cantorei,Soprano 2,A,S+,A,S,S+,S+,A,,S+,A,,,,,,A,Gender and Sexuality Studies ,,,,,A,S,S,S,,,,,,,A,A,A,S,S+,A,S+,A,S,S
11/27/2023 21:43:34,2021 or before,St. Olaf Orchestra,N/A,A,,,,B,,,B,S,,,B,,,,,,,,S+,S+,,,,C,,,C,St. Olaf Orchestra,N/A,S+,,,,,,,,,,S,S,S,S+,,B,,,,B,St. Olaf Orchestra,N/A,,,,,B,,C,,B,,,,,,,S,Music - Other,,,,,,,,,,,,,,,A,,B,A,,,,,D,S
11/27/2023 21:49:13,2022 (Last Year),,,,,,,,,,,,,,,,,,,,,,,,,,,,,,,Viking Chorus,Tenor 2,S,A,A,S+,A,S+,S+,B,B,B,S+,A,A,S,A,B,A,A,A,S,Chapel Choir,Tenor 2,S,A,A,B,B,A,S+,"For the 2023 section, I haven‚Äôt heard most of the other choir‚Äôs solo pieces before. The couple I‚Äôve heard before I have rating for, while the others just got B‚Äôs. If the composer was added beneath, I could‚Äôve googled the song, but many of the titles are generic enough there are multiple versions. Either that or a Spotify playlist would‚Äôve helped. ",A,S,,,,,,B,STEM,,,,,S,B,B,B,,,,,,,B,B,B,S,S,B,A,B,A,A
11/27/2023 22:10:52,2023 (This year),,,,,,,,,,,,,,,,,,,,,,,,,,,,,,,,,,,,,,,,,,,,,,,,,,,,,Viking Chorus,Tenor 2,S+,S+,A,S+,S+,S,S+,,,S,,,,,,,"Music - Vocal, Education",,,,,,,,,,,,,,,,,,,,,,,,
11/27/2023 22:42:42,2023 (This year),,,,,,,,,,,,,,,,,,,,,,,,,,,,,,,,,,,,,,,,,,,,,,,,,,,,,Manitou Singers,Soprano 2,S+,S,S,B,S,A,S+,,,,,,,,,,Humanities,,,,,,,,,,,,,,,A,B,B,A,S,S,A,,,
11/27/2023 23:22:13,2023 (This year),,,,,,,,,,,,,,,,,,,,,,,,,,,,,,,,,,,,,,,,,,,,,,,,,,,,,St. Olaf Orchestra,N/A,,A,B,C,B,S,A,,,,,,,,,,Music - Other,,,,,,,,,,,,,,,A,B,S,S,S,,S,,D,A
11/27/2023 23:31:11,2023 (This year),,,,,,,,,,,,,,,,,,,,,,,,,,,,,,,,,,,,,,,,,,,,,,,,,,,,,Viking Chorus,Bass 1,S+,A,B,A,S,S,S+,,,S+,,,,,,,"Music - Vocal, STEM",,,,,,,,,,,,,,,D,C,D,B,S,,S+,S+,,
11/28/2023 0:48:30,2021 or before,Manitou Singers,Alto 1,B,B,S,D,C,F,C,A,S+,S+,F,F,S+,S+,B,S+,B,S,S+,C,C,D,F,F,F,B,A,S,Chapel Choir,Alto 1,A,F,F,F,A,S,S+,F,A,A,B,S+,F,S,C,F,F,C,A,S+,Chapel Choir,Alto 1,B,B,A,D,A,D,B,,S,S,,,,,,A,Humanities,,,I will make a way slaps so hard and was the best piece!,,S+,A,A,A,,,,,,,B,F,F,A,S+,C,B,F,S+,S+
11/28/2023 1:18:50,2023 (This year),,,,,,,,,,,,,,,,,,,,,,,,,,,,,,,,,,,,,,,,,,,,,,,,,,,,,Chapel Choir,Tenor 2,A,S+,S,B,A,S,S+,,,,,,,,,,"Music - Vocal, Music - Other",,,,,S,,,,,,,,,,C,F,F,F,S+,,S,F,,
11/28/2023 10:20:50,2021 or before,Chapel Choir,Soprano 2,C,A,B,A,D,D,C,B,B,A,S,S,A,A,C,A,C,S,A,S+,B,S,A,A,B,A,C,A,Chapel Choir,Soprano 2,C,B,A,C,,A,A,B,B,C,C,B,B,S,S,A,D,B,A,A,Chapel Choir,Soprano 2,D,B,A,D,B,A,F,,,,,,,,,A,"STEM, Fine Arts / Performing Arts",,This program was really good imo,we only got one individual song while ole choir still got their 3 which was incredibly insulting,ole choir still gets 3 while the rest of us only get one?!?!?!  counting their sizable solo in WAW they practically have 4!!! WTF,D,,,,,,,,,,A,B,A,B,A,,A,,,
11/28/2023 10:26:43,2023 (This year),,,,,,,,,,,,,,,,,,,,,,,,,,,,,,,,,,,,,,,,,,,,,,,,,,,,,Viking Chorus,Bass 1,S+,S+,S,S,S+,S,S+,"No, thanks!",S,S+,,,,,,,"STEM, I don't know, Currently a STEM major but thinking of moving towards phycology",,,,"No, thank you",S,S,S,S+,,,,,,,A,S+,S,S+,S+,S,S,S+,S+,S
11/28/2023 11:56:01,2023 (This year),,,,,,,,,,,,,,,,,,,,,,,,,,,,,,,,,,,,,,,,,,,,,,,,,,,,,Manitou Singers,Alto 2,S,A,B,B,A,S,A,,,,,,,,,,Humanities,,,,,,,,,,,,,,,B,B,B,A,S+,B,B,,,
11/28/2023 12:23:29,2022 (Last Year),,,,,,,,,,,,,,,,,,,,,,,,,,,,,,,Viking Chorus,Bass 1,A,A,B,S,D,S,S+,A,A,C,A,B,F,B,A,B,C,A,S+,S+,Chapel Choir,Bass 1,S,A,A,S,A,B,C,,C,B,,,,,,C,Humanities,,,,,A,B,B,B,,,,,,,A,A,C,C,S+,B,A,C,B,B
11/28/2023 13:22:39,2023 (This year),,,,,,,,,,,,,,,,,,,,,,,,,,,,,,,,,,,,,,,,,,,,,,,,,,,,,Viking Chorus,Bass 1,S,A,A,A,S+,S,A,,,S+,,,,,,,I don't know,,,,,,,,,,,,,,,,S+,,,S+,,,,,
11/28/2023 16:29:28,2023 (This year),,,,,,,,,,,,,,,,,,,,,,,,,,,,,,,,,,,,,,,,,,,,,,,,,,,,,Viking Chorus,Bass 1,S,A,C,A,B,C,A,no!,,C,,,,,,,"Music - Vocal, Fine Arts / Performing Arts, Education",,,,"Overall very good selection of pieces, I would personally prefer a few more upbeat/‚Äúrowdy‚Äù pieces",,,,,,,,,,,C,B,B,B,A,,B,,,
11/28/2023 20:16:04,2023 (This year),,,,,,,,,,,,,,,,,,,,,,,,,,,,,,,,,,,,,,,,,,,,,,,,,,,,,Chapel Choir,Soprano 1,C,S,S,B,S,S,C,,,,,,,,,,I don't know,,,,,,,,,,,,,,,,,,,,,,,,
11/29/2023 9:21:18,2021 or before,Manitou Singers,Soprano 1,S,A,S+,C,A,S,S,S,A,B,C,C,S+,A,B,A,A,S,S,S+,S,S+,A,S+,S,S+,A,S+,Chapel Choir,Alto 2,A,A,B,B,A,S+,S+,B,S+,S,B,S+,C,S+,S+,A,S+,A,A,S+,Chapel Choir,Alto 2,A,A,A,B,S,S+,B,,,,,,,,,A,Humanities,,,,,S,,,,,,,,,,B,B,B,S,S+,,S+,,,
12/2/2023 11:55:18,2023 (This year),,,,,,,,,,,,,,,,,,,,,,,,,,,,,,,,,,,,,,,,,,,,,,,,,,,,,St. Olaf Orchestra,N/A,,,,,,,,,,,,,,,,,STEM,,,,,,,,,,,,,,,,,,,,,,,,
12/3/2023 14:53:57,2023 (This year),,,,,,,,,,,,,,,,,,,,,,,,,,,,,,,,,,,,,,,,,,,,,,,,,,,,,Viking Chorus,Tenor 1,S+,S,A,B,B,B,S,,B,A,,,,,,,Music - Vocal,,,,,B,B,C,S+,,,,,,,C,A,B,A,S,A,A,,S,S
12/3/2023 14:55:56,2021 or before,Cantorei,Alto 1,S,S+,A,A,B,B,C,S,B,B,S+,B,S+,A,S,C,B,B,B,A,A,A,B,A,S,S+,S,S+,,,,,,,,,,,,,,,,,,,,,,,Cantorei,Alto 1,S,S+,B,A,S,A,A,,S+,B,,,,,,,Humanities,,,,,A,C,B,S+,,,,,,,B,S,B,B,S+,S+,A,C,S,S
12/3/2023 14:57:00,2023 (This year),,,,,,,,,,,,,,,,,,,,,,,,,,,,,,,,,,,,,,,,,,,,,,,,,,,,,Viking Chorus,Bass 1,S,S+,C,B,C,A,A,moments where this form is incomplete/unfinished as a form (ex. Be Thou my Vision?),B,S+,,,,,,,Music - Vocal,,,,,A,S,S,S+,,,,,,,,B,A,S,S+,S,S,,S+,A
12/3/2023 14:58:15,2023 (This year),,,,,,,,,,,,,,,,,,,,,,,,,,,,,,,,,,,,,,,,,,,,,,,,,,,,,Viking Chorus,Tenor 2,S+,S,D,B,B,A,S+,,A,S+,,,,,,,Music - Vocal,,,,,B,S,S,S+,,,,,,,B,B,S,S,S,A,S+,,S+,S+
12/3/2023 15:14:21,2023 (This year),,,,,,,,,,,,,,,,,,,,,,,,,,,,,,,,,,,,,,,,,,,,,,,,,,,,,Manitou Singers,Alto 2,B,A,S,A,S+,B,A,,A,S,,,,,,,"Music - Other, Education",,,,,S,S,S,S,,,,,,,S,S,B,S+,S+,S+,A,,S,S
12/3/2023 15:32:40,2023 (This year),,,,,,,,,,,,,,,,,,,,,,,,,,,,,,,,,,,,,,,,,,,,,,,,,,,,,Manitou Singers,Soprano 2,A,S,A,B,A,B,B,,A,A,,,,,,,"Music - Vocal, Education",,,,,A,B,S,S+,,,,,,,C,B,C,A,A,A,S,,S+,S+
12/3/2023 16:44:24,,,,,,,,,,,,,,,,,,,,,,,,,,,,,,,,,,,,,,,,,,,,,,,,,,,,,,,,,,,,,,,,,,,,,,,,,,,,,,,,,,,,,,,,,,,,,,,,
12/3/2023 17:16:21,2023 (This year),,,,,,,,,,,,,,,,,,,,,,,,,,,,,,,,,,,,,,,,,,,,,,,,,,,,,Manitou Singers,Alto 1,S+,S,S,S,A,A,S,,S,S,,,,,,,"Humanities, Fine Arts / Performing Arts, Education",,,,,A,S,S,S+,,,,,,,A,,C,S+,S+,S+,A,B,B,A
12/3/2023 17:25:51,2022 (Last Year),,,,,,,,,,,,,,,,,,,,,,,,,,,,,,,Manitou Singers,Soprano 2,A,S,B,A,S,A,S+,A,S,S,A,A,S,S,S,A,S,A,S+,S,Manitou Singers,Soprano 2,S,S+,S+,S,S,S,S,"No, I think you did a good job on this form :)",A,A,,,,,,A,Music - Vocal,,,,,A,A,S,S,,,,,,,A,S,A,S,S,S+,S,S,S,S
12/3/2023 17:31:33,2023 (This year),,,,,,,,,,,,,,,,,,,,,,,,,,,,,,,,,,,,,,,,,,,,,,,,,,,,,Viking Chorus,Bass 1,S+,S+,S,S,S,S,S+,Thank you for the form!,S,S+,,,,,,,Music - Vocal,,,,I really really enjoyed the concert! It was awesome to see all of the choirs! I also really liked singing right next to St Olaf Choir!,S+,S+,S+,S+,,,,,,,A,A,A,S,S+,S+,S+,S,S+,S+
12/3/2023 23:14:48,2023 (This year),,,,,,,,,,,,,,,,,,,,,,,,,,,,,,,,,,,,,,,,,,,,,,,,,,,,,Manitou Singers,Soprano 1,S,A,A,B,A,A,A,,,,,,,,,,Nursing,,,,,,,,,,,,,,,A,B,A,S,S,A,A,,,
12/4/2023 10:55:22,2021 or before,Viking Chorus,Tenor 2,A,S,A,C,D,S,S+,C,B,S+,C,B,S+,C,A,A,S+,S,S+,A,B,A,B,S+,B,C,S,S+,Chapel Choir,Tenor 2,S+,S,C,B,S+,S+,S+,S+,S+,B,S+,S,A,S,A,B,A,B,S+,S+,Chapel Choir,Tenor 2,S,S+,A,D,A,,S,,B,S+,,,,,,A,Humanities,,,"I know there are so many S+ but this was just such a goated fest. Also, this might be bragging since I‚Äôm in Chapel (though I have also heard it from a lot of people who weren‚Äôt in Chapel last year), but I Will Make A Way might be one of the best fest songs in current student body memory. The sheer power of the piece is unrivaled by anything else I‚Äôve ever sung or heard in a choral setting before. Just wanna make my thoughts on that known.",,S,A,S,S+,,,,,,,B,C,B,C,S+,S+,S,,S,S
12/4/2023 15:50:50,2023 (This year),,,,,,,,,,,,,,,,,,,,,,,,,,,,,,,,,,,,,,,,,,,,,,,,,,,,,St. Olaf Orchestra,N/A,B,B,D,A,D,B,B,,B,B,,,,,,,Music - Other,,,,,A,A,B,S+,,,,,,,A,C,C,B,S+,S,B,,C,C
12/4/2023 16:08:35,2021 or before,Viking Chorus,Bass 1,S+,A,A,B,B,A,S+,A,S,S,B,C,A,A,B,S,S+,S+,S,C,A,A,A,B,B,A,S,S+,,,,,,,,,,,,,,,,,,,,,,,,,,,,,,,,,,,,,,,,,I don't know,,,,,,,,,,,,,,,,,,,,,,,,
12/4/2023 19:14:11,2023 (This year),,,,,,,,,,,,,,,,,,,,,,,,,,,,,,,,,,,,,,,,,,,,,,,,,,,,,Manitou Singers,Soprano 1,A,S+,S,D,D,B,B,,A,A,,,,,,,Music - Other,,,,,B,B,B,B,,,,,,,B,B,C,B,S+,S,S,F,S,S